month,game_date,away_team,home_team,home_win,market,p_std,p_proj
May,2026-05-01,Texas Rangers,Detroit Tigers,0,0.51,0.4443577161346557,0.5230383272908347
May,2026-05-01,Cincinnati Reds,Pittsburgh Pirates,1,0.54,0.7345851324877263,0.6451461857935609
May,2026-05-01,Milwaukee Brewers,Washington Nationals,0,0.4,0.43287477491265475,0.37164667554214204
May,2026-05-01,Baltimore Orioles,New York Yankees,1,0.62,0.6035853852023425,0.639314967853842
May,2026-05-01,Houston Astros,Boston Red Sox,1,0.52,0.7080743938802788,0.7210318698071938
May,2026-05-01,San Francisco Giants,Tampa Bay Rays,1,0.56,0.5931680865980867,0.5264563307583195
May,2026-05-01,Philadelphia Phillies,Miami Marlins,0,0.48,0.536054987512442,0.4220081302696825
May,2026-05-02,Atlanta Braves,Colorado Rockies,0,0.33,0.6215346235241225,0.6159717058132307
May,2026-05-02,New York Mets,Los Angeles Angels,0,0.47,0.39266666510340503,0.39685662539755734
May,2026-05-02,Chicago White Sox,San Diego Padres,0,0.64,0.3961044114872378,0.29097396089115196
May,2026-05-02,Kansas City Royals,Seattle Mariners,0,0.57,0.4998747630110388,0.49098411280434456
May,2026-05-02,Baltimore Orioles,New York Yankees,1,0.6,0.5442292299247928,0.5027151979997464
May,2026-05-02,Toronto Blue Jays,Minnesota Twins,0,0.43,0.6067945654533948,0.6793503876105171
May,2026-05-02,Cincinnati Reds,Pittsburgh Pirates,1,0.55,0.6198929546525782,0.5584241000740734
May,2026-05-02,Milwaukee Brewers,Washington Nationals,0,0.45,0.5972651418707932,0.6323120112121385
May,2026-05-02,Houston Astros,Boston Red Sox,0,0.55,0.670084383591919,0.7695078155128731
May,2026-05-02,Philadelphia Phillies,Miami Marlins,1,0.55,0.613869798180328,0.5058639790991136
May,2026-05-02,San Francisco Giants,Tampa Bay Rays,1,0.48,0.44460041799929334,0.4937892235069277
May,2026-05-02,Los Angeles Dodgers,St. Louis Cardinals,1,0.44,0.575627614926759,0.5498365093669918
May,2026-05-02,Texas Rangers,Detroit Tigers,1,0.54,0.6180134035451822,0.6023438902949658
May,2026-05-03,Toronto Blue Jays,Minnesota Twins,1,0.49,0.5510916512001286,0.5355157227908894
May,2026-05-03,Houston Astros,Boston Red Sox,0,0.61,0.7147338716813914,0.7732580138799405
May,2026-05-03,Cincinnati Reds,Pittsburgh Pirates,1,0.51,0.6128371733969695,0.6590866095149914
May,2026-05-03,Baltimore Orioles,New York Yankees,1,0.71,0.6330720962765213,0.6924015866847419
May,2026-05-03,Milwaukee Brewers,Washington Nationals,1,0.42,0.5125119066122437,0.47983542119137196
May,2026-05-03,San Francisco Giants,Tampa Bay Rays,1,0.53,0.6704725733234288,0.5387669569049554
May,2026-05-03,Philadelphia Phillies,Miami Marlins,0,0.43,0.49718506944038693,0.333863601337658
May,2026-05-03,Los Angeles Dodgers,St. Louis Cardinals,0,0.43,0.4168541704573427,0.3450002576097347
May,2026-05-03,Atlanta Braves,Colorado Rockies,0,0.43,0.5782035276639065,0.668232912036511
May,2026-05-03,New York Mets,Los Angeles Angels,0,0.44,0.4640217875083426,0.30256097612133
May,2026-05-03,Kansas City Royals,Seattle Mariners,0,0.51,0.40717754856628724,0.3741259342891968
May,2026-05-03,Chicago White Sox,San Diego Padres,1,0.6,0.5094536616662133,0.5837774735091275
May,2026-05-03,Texas Rangers,Detroit Tigers,1,0.53,0.5043957032192875,0.5807001212547698
May,2026-05-04,New York Mets,Colorado Rockies,0,0.43,0.46246948263641197,0.3095107404042729
May,2026-05-04,Boston Red Sox,Detroit Tigers,0,0.47,0.27799551582167104,0.41068795784574336
May,2026-05-04,Toronto Blue Jays,Tampa Bay Rays,1,0.53,0.5723759539002123,0.5058047706666086
May,2026-05-04,Philadelphia Phillies,Miami Marlins,0,0.5,0.6182859849636111,0.5495365083964726
May,2026-05-04,Baltimore Orioles,New York Yankees,1,0.65,0.6035831612032329,0.6787171773654159
May,2026-05-04,Cincinnati Reds,Chicago Cubs,1,0.65,0.6248818934544961,0.7710041849039563
May,2026-05-04,Cleveland Guardians,Kansas City Royals,1,0.52,0.5387376972544147,0.5982855736874957
May,2026-05-04,Milwaukee Brewers,St. Louis Cardinals,1,0.45,0.34034240735543086,0.3681529495435326
May,2026-05-05,Los Angeles Dodgers,Houston Astros,0,0.31,0.5356244606122238,0.4425730376309158
May,2026-05-05,Chicago White Sox,Los Angeles Angels,0,0.55,0.4421036577962215,0.5244315489738186
May,2026-05-05,Atlanta Braves,Seattle Mariners,1,0.55,0.5534559107258954,0.6590072647992532
May,2026-05-05,San Diego Padres,San Francisco Giants,1,0.52,0.626604116100051,0.7211709487799489
May,2026-05-05,Boston Red Sox,Detroit Tigers,0,0.58,0.3511929908976246,0.37539894852640576
May,2026-05-05,Toronto Blue Jays,Tampa Bay Rays,1,0.55,0.60086388177656,0.621050672865943
May,2026-05-05,Baltimore Orioles,Miami Marlins,0,0.56,0.6774198874141969,0.6373326160870263
May,2026-05-05,Minnesota Twins,Washington Nationals,0,0.5,0.5007899078916558,0.42813096677394424
May,2026-05-05,Texas Rangers,New York Yankees,1,0.54,0.5678644986896948,0.47392632460203094
May,2026-05-05,Cincinnati Reds,Chicago Cubs,1,0.6,0.6364094323219488,0.6193959875444472
May,2026-05-05,Cleveland Guardians,Kansas City Royals,1,0.48,0.42665910254381156,0.5450527963895386
May,2026-05-06,Toronto Blue Jays,Tampa Bay Rays,1,0.56,0.6472819068047029,0.6955055545789949
May,2026-05-06,Milwaukee Brewers,St. Louis Cardinals,0,0.5,0.4541583250692515,0.4293113888755818
May,2026-05-06,Los Angeles Dodgers,Houston Astros,0,0.33,0.41510291336358296,0.2700415757890009
May,2026-05-06,San Diego Padres,San Francisco Giants,0,0.49,0.558632801817221,0.4884299230735003
May,2026-05-06,Chicago White Sox,Los Angeles Angels,1,0.48,0.39110327476232054,0.33966212547234564
May,2026-05-06,Atlanta Braves,Seattle Mariners,1,0.54,0.42178134537808026,0.5602229104581881
May,2026-05-06,Boston Red Sox,Detroit Tigers,0,0.51,0.4656203247948337,0.4782946522195423
May,2026-05-06,Baltimore Orioles,Miami Marlins,0,0.55,0.55180555634078,0.6514534439323727
May,2026-05-06,Minnesota Twins,Washington Nationals,1,0.47,0.4944813403729207,0.41468490452319773
May,2026-05-06,Texas Rangers,New York Yankees,0,0.62,0.5651951517220422,0.4951753079952019
May,2026-05-06,Cincinnati Reds,Chicago Cubs,1,0.61,0.6227413577238569,0.5840498870160604
May,2026-05-06,Cleveland Guardians,Kansas City Royals,0,0.55,0.4617550986966341,0.5667443729017911
May,2026-05-07,Texas Rangers,New York Yankees,1,0.58,0.5418470220022715,0.5403182501300703
May,2026-05-07,Minnesota Twins,Washington Nationals,1,0.51,0.6006721496209276,0.4629527669566728
May,2026-05-07,Cleveland Guardians,Kansas City Royals,0,0.56,0.5529751233629973,0.6168696030014074
May,2026-05-07,Cincinnati Reds,Chicago Cubs,1,0.64,0.49993276572859785,0.45897663003020284
May,2026-05-07,Baltimore Orioles,Miami Marlins,1,0.54,0.5752556646418885,0.48518915342894625
May,2026-05-07,Tampa Bay Rays,Boston Red Sox,0,0.5,0.6494680282305657,0.6063120813869963
May,2026-05-08,St. Louis Cardinals,San Diego Padres,0,0.57,0.6139800918259751,0.7043549057291612
May,2026-05-08,Houston Astros,Cincinnati Reds,0,0.54,0.627647234711645,0.6995166154592901
May,2026-05-08,Colorado Rockies,Philadelphia Phillies,0,0.66,0.7094646896108773,0.7975871467806948
May,2026-05-08,Los Angeles Angels,Toronto Blue Jays,1,0.58,0.5478594009692854,0.6074976664368988
May,2026-05-08,Tampa Bay Rays,Boston Red Sox,1,0.54,0.6320466865715731,0.7121423012396784
May,2026-05-08,Washington Nationals,Miami Marlins,0,0.56,0.49772797367012944,0.42201476582603464
May,2026-05-08,Minnesota Twins,Cleveland Guardians,1,0.57,0.6282273206815523,0.5222312936436605
May,2026-05-08,Detroit Tigers,Kansas City Royals,1,0.56,0.5532375577476056,0.6836110116034401
May,2026-05-08,Seattle Mariners,Chicago White Sox,0,0.44,0.6325237341246457,0.568246275359923
May,2026-05-08,New York Yankees,Milwaukee Brewers,1,0.46,0.5115644879877536,0.4785302228580855
May,2026-05-09,Atlanta Braves,Los Angeles Dodgers,1,0.58,0.4784233146493499,0.5514146708798563
May,2026-05-09,Pittsburgh Pirates,San Francisco Giants,1,0.51,0.7419435410996524,0.7625281662444418
May,2026-05-09,Los Angeles Angels,Toronto Blue Jays,1,0.62,0.5723340068328905,0.7543384410256165
May,2026-05-09,Houston Astros,Cincinnati Reds,1,0.59,0.5780676502176948,0.6390080212496374
May,2026-05-09,Washington Nationals,Miami Marlins,1,0.59,0.5971646785224008,0.5653284929908509
May,2026-05-09,Colorado Rockies,Philadelphia Phillies,1,0.62,0.48197933195185366,0.6449703670733077
May,2026-05-09,Minnesota Twins,Cleveland Guardians,0,0.52,0.523326545137427,0.45902453870085985
May,2026-05-09,Chicago Cubs,Texas Rangers,1,0.44,0.5217417631107679,0.505240892487421
May,2026-05-09,Detroit Tigers,Kansas City Royals,1,0.55,0.5029464728155518,0.5644136829872046
May,2026-05-09,Seattle Mariners,Chicago White Sox,1,0.45,0.7370671557072649,0.581020876450608
May,2026-05-09,New York Yankees,Milwaukee Brewers,1,0.44,0.5529083531258298,0.4908345567961361
May,2026-05-09,St. Louis Cardinals,San Diego Padres,1,0.55,0.6614964821088737,0.7130130379206381
May,2026-05-10,Washington Nationals,Miami Marlins,1,0.55,0.6629239735610869,0.6806554876086088
May,2026-05-10,Tampa Bay Rays,Boston Red Sox,0,0.56,0.6287076448969706,0.6623451902217081
May,2026-05-10,Colorado Rockies,Philadelphia Phillies,1,0.73,0.6821666734747518,0.8286336942089914
May,2026-05-10,Los Angeles Angels,Toronto Blue Jays,0,0.5,0.5339865563942165,0.6156578249405784
May,2026-05-10,Houston Astros,Cincinnati Reds,1,0.51,0.5540109737254055,0.6185778635438868
May,2026-05-10,Minnesota Twins,Cleveland Guardians,0,0.59,0.5407136059976464,0.5676095598644533
May,2026-05-10,Seattle Mariners,Chicago White Sox,1,0.44,0.6480934474376675,0.47251045933536157
May,2026-05-10,New York Yankees,Milwaukee Brewers,1,0.51,0.5239909766813574,0.5395011390202595
May,2026-05-10,Chicago Cubs,Texas Rangers,1,0.52,0.5839261405631191,0.5719190792544984
May,2026-05-10,Pittsburgh Pirates,San Francisco Giants,1,0.53,0.5653605427324233,0.6426876267132183
May,2026-05-10,St. Louis Cardinals,San Diego Padres,1,0.54,0.6621396040278649,0.5976772444423399
May,2026-05-10,Atlanta Braves,Los Angeles Dodgers,0,0.55,0.6134943696930032,0.7313265313770664
May,2026-05-10,Detroit Tigers,Kansas City Royals,0,0.53,0.547696488583645,0.5948133864622489
May,2026-05-11,Los Angeles Angels,Cleveland Guardians,1,0.6,0.5436299981703452,0.624981486036484
May,2026-05-11,New York Yankees,Baltimore Orioles,1,0.41,0.5545443086901098,0.45138720719095365
May,2026-05-11,Tampa Bay Rays,Toronto Blue Jays,0,0.52,0.5152232920872802,0.4881027445409724
May,2026-05-12,Seattle Mariners,Houston Astros,0,0.41,0.5166543015864595,0.40307998437799436
May,2026-05-12,San Francisco Giants,Los Angeles Dodgers,0,0.71,0.4357321973642537,0.277716734898909
May,2026-05-12,Los Angeles Angels,Cleveland Guardians,1,0.55,0.5565496036253472,0.5600582032851692
May,2026-05-12,New York Yankees,Baltimore Orioles,0,0.43,0.5101961166650281,0.6047460527163075
May,2026-05-12,Washington Nationals,Cincinnati Reds,0,0.56,0.5202918182151186,0.6004165442207204
May,2026-05-12,Colorado Rockies,Pittsburgh Pirates,1,0.71,0.694031662136133,0.76417416948225
May,2026-05-12,Philadelphia Phillies,Boston Red Sox,0,0.43,0.5964177283875227,0.49742541242213223
May,2026-05-12,Tampa Bay Rays,Toronto Blue Jays,0,0.47,0.4580883743951185,0.3859269470017957
May,2026-05-12,Detroit Tigers,New York Mets,1,0.56,0.6721181482595668,0.6855446639000727
May,2026-05-12,Chicago Cubs,Atlanta Braves,1,0.52,0.5368781778474908,0.5093415403966554
May,2026-05-12,Kansas City Royals,Chicago White Sox,1,0.47,0.7434377551211743,0.52316958961524
May,2026-05-12,Miami Marlins,Minnesota Twins,1,0.5,0.5582128402062416,0.5258394402313092
May,2026-05-12,San Diego Padres,Milwaukee Brewers,1,0.56,0.5975214345908222,0.4565669217156539
May,2026-05-13,Seattle Mariners,Houston Astros,0,0.48,0.5059600029938555,0.3708630127735688
May,2026-05-13,San Francisco Giants,Los Angeles Dodgers,0,0.69,0.5718989897402855,0.6476796643084662
May,2026-05-13,New York Yankees,Baltimore Orioles,1,0.39,0.46738667043214177,0.4698264587461516
May,2026-05-13,Los Angeles Angels,Cleveland Guardians,1,0.59,0.6146147225295401,0.6816832982906798
May,2026-05-13,Washington Nationals,Cincinnati Reds,0,0.61,0.4265605877439185,0.6137786550385971
May,2026-05-13,Colorado Rockies,Pittsburgh Pirates,0,0.62,0.520525165448772,0.49011629360125486
May,2026-05-13,Philadelphia Phillies,Boston Red Sox,1,0.55,0.5859355423737956,0.6007255418912316
May,2026-05-13,Tampa Bay Rays,Toronto Blue Jays,1,0.57,0.5461563969879892,0.5059666849208141
May,2026-05-13,Detroit Tigers,New York Mets,1,0.52,0.5871674273063605,0.5592021531954441
May,2026-05-13,Chicago Cubs,Atlanta Braves,1,0.44,0.4683389602836886,0.3924188726059682
May,2026-05-13,Kansas City Royals,Chicago White Sox,1,0.49,0.6947693131793335,0.6573693304795217
May,2026-05-13,Miami Marlins,Minnesota Twins,0,0.45,0.39657950195309566,0.582908244335309
May,2026-05-13,San Diego Padres,Milwaukee Brewers,0,0.58,0.6393320858539528,0.5867842345366923
May,2026-05-14,San Francisco Giants,Los Angeles Dodgers,1,0.61,0.47109953895138057,0.5269844726897717
May,2026-05-14,Colorado Rockies,Pittsburgh Pirates,1,0.61,0.6555516565284012,0.7176704902427835
May,2026-05-14,Washington Nationals,Cincinnati Reds,1,0.58,0.6196293948667564,0.5889254118582471
May,2026-05-14,Detroit Tigers,New York Mets,1,0.59,0.636040033648616,0.7523018406603669
May,2026-05-14,Miami Marlins,Minnesota Twins,1,0.52,0.36766488758876575,0.38500805203811267
May,2026-05-14,San Diego Padres,Milwaukee Brewers,1,0.57,0.7028134658519709,0.6454493072672719
May,2026-05-14,Seattle Mariners,Houston Astros,0,0.48,0.4979449322986434,0.461738158676677
May,2026-05-14,Philadelphia Phillies,Boston Red Sox,0,0.5,0.7156422908287404,0.6805692911185937
May,2026-05-14,Chicago Cubs,Atlanta Braves,0,0.64,0.4935744068825654,0.5432391187151021
May,2026-05-14,Kansas City Royals,Chicago White Sox,1,0.44,0.5891888865132633,0.42307441979687077
May,2026-05-15,Philadelphia Phillies,Pittsburgh Pirates,0,0.54,0.6161009150289192,0.6067395134231915
May,2026-05-15,Baltimore Orioles,Washington Nationals,1,0.44,0.49975077906296234,0.4834208919724013
May,2026-05-15,Toronto Blue Jays,Detroit Tigers,1,0.46,0.5208437389421794,0.4743670085824917
May,2026-05-15,Cincinnati Reds,Cleveland Guardians,0,0.55,0.533527357217686,0.5259694901616933
May,2026-05-15,Miami Marlins,Tampa Bay Rays,1,0.53,0.5594820675638364,0.6628942006657489
May,2026-05-15,Milwaukee Brewers,Minnesota Twins,0,0.49,0.44836674763527523,0.4588498341907197
May,2026-05-15,Boston Red Sox,Atlanta Braves,1,0.58,0.4988988169249577,0.28821267112843835
May,2026-05-15,New York Yankees,New York Mets,0,0.42,0.5550817382755447,0.5564890882833884
May,2026-05-15,Chicago Cubs,Chicago White Sox,0,0.45,0.6334292402612176,0.5284013234999113
May,2026-05-16,Los Angeles Dodgers,Los Angeles Angels,0,0.44,0.49712617978351814,0.34101464257312875
May,2026-05-16,Toronto Blue Jays,Detroit Tigers,0,0.51,0.47910771569779026,0.3873682919581099
May,2026-05-16,Kansas City Royals,St. Louis Cardinals,1,0.51,0.5498945312611477,0.4680272429879936
May,2026-05-16,Baltimore Orioles,Washington Nationals,1,0.5,0.5563776871984355,0.5387114317048283
May,2026-05-16,Philadelphia Phillies,Pittsburgh Pirates,0,0.39,0.4330220362839894,0.35030370587654097
May,2026-05-16,Miami Marlins,Tampa Bay Rays,0,0.56,0.5630494247739899,0.5949602977372311
May,2026-05-16,Cincinnati Reds,Cleveland Guardians,1,0.58,0.5023366479463971,0.5679019710261004
May,2026-05-16,Texas Rangers,Houston Astros,1,0.42,0.5189960210845113,0.4576283945816998
May,2026-05-16,Chicago Cubs,Chicago White Sox,1,0.5,0.6903933130430598,0.567862292108137
May,2026-05-16,Milwaukee Brewers,Minnesota Twins,0,0.44,0.5321300682114712,0.5588390115034543
May,2026-05-16,San Diego Padres,Seattle Mariners,0,0.6,0.505119274491085,0.6022413481243205
May,2026-05-16,Boston Red Sox,Atlanta Braves,0,0.52,0.46935363012947773,0.39093664487066143
May,2026-05-16,New York Yankees,New York Mets,1,0.47,0.5071425305901526,0.6270762586894538
May,2026-05-17,Miami Marlins,Tampa Bay Rays,1,0.59,0.618705911416964,0.6502851689310245
May,2026-05-17,Baltimore Orioles,Washington Nationals,0,0.46,0.5476661848676156,0.5797069843859957
May,2026-05-17,Philadelphia Phillies,Pittsburgh Pirates,0,0.53,0.5845088382004958,0.5082892911976291
May,2026-05-17,Boston Red Sox,Atlanta Braves,1,0.58,0.560125278144254,0.46091578747042417
May,2026-05-17,Cincinnati Reds,Cleveland Guardians,1,0.58,0.6096469503888636,0.5773063217024988
May,2026-05-17,Toronto Blue Jays,Detroit Tigers,0,0.45,0.4635089861827111,0.483958142359042
May,2026-05-17,New York Yankees,New York Mets,1,0.51,0.5549051968365911,0.6814760104843157
May,2026-05-17,Texas Rangers,Houston Astros,0,0.46,0.561210123329067,0.4229009960576684
May,2026-05-17,Chicago Cubs,Chicago White Sox,1,0.44,0.6105968439543874,0.5742197235000889
May,2026-05-17,Milwaukee Brewers,Minnesota Twins,1,0.44,0.3734489285705723,0.3379125686970773
May,2026-05-17,Kansas City Royals,St. Louis Cardinals,0,0.52,0.588612684698423,0.41927630927370724
May,2026-05-17,Los Angeles Dodgers,Los Angeles Angels,0,0.42,0.4924278313622896,0.5383748408006424
May,2026-05-17,San Diego Padres,Seattle Mariners,0,0.59,0.5383606821243169,0.48385811442641574
May,2026-05-18,Cleveland Guardians,Detroit Tigers,0,0.57,0.6212872263739196,0.681050187955879
May,2026-05-18,Baltimore Orioles,Tampa Bay Rays,1,0.57,0.5611936457915687,0.539554122289374
May,2026-05-18,Cincinnati Reds,Philadelphia Phillies,1,0.52,0.584647767192269,0.5233405284443635
May,2026-05-18,Atlanta Braves,Miami Marlins,1,0.5,0.6415681115374595,0.577135472630957
May,2026-05-18,New York Mets,Washington Nationals,0,0.46,0.4907983807748497,0.4120939057246118
May,2026-05-18,Toronto Blue Jays,New York Yankees,1,0.6,0.6504753021765531,0.6644325025346297
May,2026-05-18,Boston Red Sox,Kansas City Royals,0,0.49,0.4111564410417563,0.48463535865804613
May,2026-05-18,Houston Astros,Minnesota Twins,1,0.51,0.6431390681387709,0.641329631264446
May,2026-05-18,Milwaukee Brewers,Chicago Cubs,0,0.59,0.6151469195567435,0.6425557299543881
May,2026-05-19,Texas Rangers,Colorado Rockies,1,0.43,0.37976054886765737,0.42687552588788213
May,2026-05-19,Los Angeles Dodgers,San Diego Padres,1,0.41,0.5417508284019112,0.4769274899550873
May,2026-05-19,Chicago White Sox,Seattle Mariners,1,0.59,0.36278453502297897,0.42726156213301436
May,2026-05-19,Atlanta Braves,Miami Marlins,0,0.43,0.5941711418991141,0.5900068922493675
May,2026-05-19,Cleveland Guardians,Detroit Tigers,0,0.4,0.44785479398878214,0.40290966816526286
May,2026-05-19,Baltimore Orioles,Tampa Bay Rays,1,0.51,0.6139519455477372,0.6476252443100302
May,2026-05-19,Cincinnati Reds,Philadelphia Phillies,0,0.56,0.4963997421848102,0.5776732195902033
May,2026-05-19,New York Mets,Washington Nationals,1,0.44,0.4708458133214547,0.37624961818146596
May,2026-05-19,Toronto Blue Jays,New York Yankees,1,0.54,0.5236245186312902,0.46215656732310606
May,2026-05-19,Boston Red Sox,Kansas City Royals,0,0.45,0.2505617412007085,0.2894701265880357
May,2026-05-19,Houston Astros,Minnesota Twins,0,0.56,0.7079547067253418,0.6071311692866972
May,2026-05-19,Milwaukee Brewers,Chicago Cubs,0,0.48,0.4425065336237733,0.3872628480057012
May,2026-05-19,Pittsburgh Pirates,St. Louis Cardinals,1,0.51,0.49361036949224524,0.5122015365281269
May,2026-05-20,Los Angeles Dodgers,San Diego Padres,0,0.38,0.5748080307052712,0.4404463045722705
May,2026-05-20,Cincinnati Reds,Philadelphia Phillies,0,0.57,0.5185823458130312,0.5401281197024476
May,2026-05-20,Baltimore Orioles,Tampa Bay Rays,1,0.52,0.5911673919635747,0.5676958520261507
May,2026-05-20,Houston Astros,Minnesota Twins,1,0.57,0.6452933201624591,0.680171366765779
May,2026-05-20,Texas Rangers,Colorado Rockies,0,0.45,0.5623738224844845,0.44519257637326987
May,2026-05-20,Chicago White Sox,Seattle Mariners,1,0.56,0.4812503106255286,0.5123531852663654
May,2026-05-20,Cleveland Guardians,Detroit Tigers,0,0.47,0.5522307838894893,0.5567737476391592
May,2026-05-20,Atlanta Braves,Miami Marlins,0,0.36,0.5752537406699842,0.4825397888017657
May,2026-05-20,New York Mets,Washington Nationals,1,0.46,0.4510699482122879,0.45179915199167736
May,2026-05-20,Toronto Blue Jays,New York Yankees,0,0.61,0.5839137686419336,0.531431545122302
May,2026-05-20,Boston Red Sox,Kansas City Royals,0,0.52,0.40767821211517663,0.3730427250381768
May,2026-05-20,Milwaukee Brewers,Chicago Cubs,0,0.51,0.5032017304703512,0.5305448807138258
May,2026-05-20,Pittsburgh Pirates,St. Louis Cardinals,0,0.52,0.45798662439477056,0.4284659701176873
May,2026-05-21,Cleveland Guardians,Detroit Tigers,0,0.51,0.5091285832506058,0.4781876152880402
May,2026-05-21,Pittsburgh Pirates,St. Louis Cardinals,0,0.46,0.41489908278438375,0.3181183333934168
May,2026-05-21,New York Mets,Washington Nationals,0,0.49,0.5601252247377664,0.4497270665435193
May,2026-05-21,Atlanta Braves,Miami Marlins,0,0.43,0.5985131269422561,0.6827246567884622
May,2026-05-21,Toronto Blue Jays,New York Yankees,0,0.56,0.6635148098417796,0.5541721260538254
May,2026-05-22,Houston Astros,Chicago Cubs,0,0.56,0.5260495800745897,0.6243212937697569
May,2026-05-22,Cleveland Guardians,Philadelphia Phillies,0,0.61,0.6047707265671163,0.7130174604928805
May,2026-05-22,Tampa Bay Rays,New York Yankees,0,0.57,0.5187656144401629,0.5243479919749601
May,2026-05-22,Pittsburgh Pirates,Toronto Blue Jays,1,0.59,0.565903582959145,0.5824258477070917
May,2026-05-22,Minnesota Twins,Boston Red Sox,0,0.57,0.7899331941009473,0.6745749815403103
May,2026-05-22,New York Mets,Miami Marlins,1,0.51,0.5050298379231004,0.4786312230354065
May,2026-05-22,Detroit Tigers,Baltimore Orioles,1,0.54,0.6358537753182804,0.5975927123934415
May,2026-05-22,Washington Nationals,Atlanta Braves,1,0.64,0.5698679741603109,0.48012214080829385
May,2026-05-22,Seattle Mariners,Kansas City Royals,0,0.48,0.609452879749382,0.6072530420868925
May,2026-05-22,Los Angeles Dodgers,Milwaukee Brewers,1,0.5,0.5031961226570536,0.5206351551475832
May,2026-05-23,Texas Rangers,Los Angeles Angels,1,0.44,0.4509965722405574,0.4535589162232413
May,2026-05-23,St. Louis Cardinals,Cincinnati Reds,1,0.49,0.6157200549225096,0.38460338587164566
May,2026-05-23,Houston Astros,Chicago Cubs,0,0.58,0.5583847595301258,0.5706787478574246
May,2026-05-23,Pittsburgh Pirates,Toronto Blue Jays,1,0.41,0.5811701693627289,0.4872206803254362
May,2026-05-23,Cleveland Guardians,Philadelphia Phillies,1,0.61,0.668929324423277,0.766577109188604
May,2026-05-23,Chicago White Sox,San Francisco Giants,1,0.51,0.3893833878823353,0.4366185808073172
May,2026-05-23,Seattle Mariners,Kansas City Royals,1,0.46,0.4334320439031989,0.5369622092902371
May,2026-05-23,Minnesota Twins,Boston Red Sox,0,0.53,0.6905782403875912,0.6962534575584256
May,2026-05-23,Washington Nationals,Atlanta Braves,0,0.6,0.5142477679441665,0.5593572731324424
May,2026-05-23,New York Mets,Miami Marlins,1,0.51,0.5418802311388873,0.3853131883888401
May,2026-05-23,Los Angeles Dodgers,Milwaukee Brewers,0,0.48,0.7648151675945951,0.7487687726092697
May,2026-05-24,Pittsburgh Pirates,Toronto Blue Jays,0,0.61,0.48244294000137866,0.5834172567875685
May,2026-05-24,Detroit Tigers,Baltimore Orioles,0,0.99,0.6050373197714392,0.5725271029379053
May,2026-05-24,Minnesota Twins,Boston Red Sox,0,0.58,0.6041238777461093,0.6842615949982261
May,2026-05-24,Cleveland Guardians,Philadelphia Phillies,0,0.48,0.47967064571571194,0.4980202503820975
May,2026-05-24,Tampa Bay Rays,New York Yankees,1,0.55,0.5522742146409536,0.5439205242540196
May,2026-05-24,New York Mets,Miami Marlins,1,0.53,0.5555946574797577,0.5529659372690674
May,2026-05-24,Seattle Mariners,Kansas City Royals,1,0.46,0.5173195276967211,0.48780558708861377
May,2026-05-24,Los Angeles Dodgers,Milwaukee Brewers,0,0.41,0.542315641141914,0.39203195930223755
May,2026-05-24,Houston Astros,Chicago Cubs,0,0.61,0.6470358594007666,0.7358444472564851
May,2026-05-24,Chicago White Sox,San Francisco Giants,1,0.53,0.46695113232159646,0.5081034620288477
May,2026-05-24,Washington Nationals,Atlanta Braves,0,0.59,0.4433973129557478,0.4036417157500453
May,2026-05-24,Texas Rangers,Los Angeles Angels,1,0.52,0.5246779981956816,0.4394470955680064
May,2026-05-25,Chicago Cubs,Pittsburgh Pirates,1,0.46,0.6093921514975535,0.6409576670473878
May,2026-05-25,Tampa Bay Rays,Baltimore Orioles,1,0.47,0.4495234789115228,0.42858899016348595
May,2026-05-25,Minnesota Twins,Chicago White Sox,1,0.5,0.6286867214530357,0.6416473124271869
May,2026-05-25,St. Louis Cardinals,Milwaukee Brewers,1,0.66,0.6623744119502799,0.6952914499598439
May,2026-05-25,New York Yankees,Kansas City Royals,0,0.45,0.474457036769162,0.5976452952423115
May,2026-05-25,Cincinnati Reds,New York Mets,0,0.55,0.6304915206359714,0.6618439270043698
May,2026-05-25,Washington Nationals,Cleveland Guardians,0,0.61,0.48082739826913373,0.525771988802207
May,2026-05-25,Philadelphia Phillies,San Diego Padres,0,0.47,0.4968953043291864,0.4408067681386305
May,2026-05-25,Houston Astros,Texas Rangers,0,0.53,0.5837028922679931,0.5813590981781458
May,2026-05-25,Miami Marlins,Toronto Blue Jays,0,0.58,0.4650935686763533,0.5749049220724222
May,2026-05-26,Colorado Rockies,Los Angeles Dodgers,1,0.68,0.5719075331902782,0.7989149284278823
May,2026-05-26,Washington Nationals,Cleveland Guardians,0,0.54,0.46274697593830844,0.5869748466561618
May,2026-05-26,Tampa Bay Rays,Baltimore Orioles,1,0.48,0.4901185732634201,0.4171279503927012
May,2026-05-26,Los Angeles Angels,Detroit Tigers,0,0.55,0.5748037834546411,0.6395623892509629
May,2026-05-26,Chicago Cubs,Pittsburgh Pirates,1,0.55,0.5038485389347491,0.5734704382635718
May,2026-05-26,Atlanta Braves,Boston Red Sox,0,0.5,0.6618760989225367,0.7757617525331162
May,2026-05-26,Miami Marlins,Toronto Blue Jays,1,0.54,0.46487734412080683,0.5964884686771907
May,2026-05-26,Cincinnati Reds,New York Mets,0,0.46,0.5024002430261046,0.5580269612260828
May,2026-05-26,Minnesota Twins,Chicago White Sox,0,0.48,0.5960585622901288,0.4955481805970673
May,2026-05-26,New York Yankees,Kansas City Royals,0,0.35,0.3543522043114889,0.3757316962199453
May,2026-05-26,St. Louis Cardinals,Milwaukee Brewers,1,0.65,0.6665295611077258,0.6635583360826453
May,2026-05-27,Houston Astros,Texas Rangers,1,0.59,0.6564726750941305,0.602258005335498
May,2026-05-27,Colorado Rockies,Los Angeles Dodgers,1,0.77,0.5478495624767499,0.703379804932956
May,2026-05-27,Miami Marlins,Toronto Blue Jays,1,0.58,0.5748373006484069,0.5781361771515969
May,2026-05-27,Washington Nationals,Cleveland Guardians,1,0.61,0.5435882890083704,0.5516694044911128
May,2026-05-27,St. Louis Cardinals,Milwaukee Brewers,1,0.58,0.7514705621169525,0.8000008438080083
May,2026-05-27,Philadelphia Phillies,San Diego Padres,0,0.43,0.47229688818328314,0.3603220143592483
May,2026-05-27,Tampa Bay Rays,Baltimore Orioles,1,0.49,0.4590869480423497,0.4900015620846262
May,2026-05-27,Los Angeles Angels,Detroit Tigers,1,0.5,0.5323721603288338,0.5642657707546241
May,2026-05-27,Chicago Cubs,Pittsburgh Pirates,0,0.53,0.6372560525945574,0.6215842197778301
May,2026-05-27,Atlanta Braves,Boston Red Sox,1,0.5,0.6499561993964759,0.7769215309165992
May,2026-05-27,Cincinnati Reds,New York Mets,1,0.52,0.6423059579959356,0.670066321994875
May,2026-05-27,Minnesota Twins,Chicago White Sox,1,0.5,0.5568361191585504,0.431072143530815
May,2026-05-27,New York Yankees,Kansas City Royals,0,0.4,0.36544663629255825,0.5060244938276117
May,2026-05-28,Houston Astros,Texas Rangers,0,0.58,0.6488718449726139,0.6834158294695137
May,2026-05-28,Los Angeles Angels,Detroit Tigers,0,0.55,0.5540593643736814,0.6127520690235526
May,2026-05-28,Minnesota Twins,Chicago White Sox,1,0.6,0.6651245158317666,0.601715519804803
May,2026-05-28,Atlanta Braves,Boston Red Sox,0,0.45,0.7082763907692105,0.6815359127723056
May,2026-05-28,Toronto Blue Jays,Baltimore Orioles,0,0.53,0.5079390818934559,0.5313100190561729
May,2026-05-28,Chicago Cubs,Pittsburgh Pirates,0,0.6,0.6509818738916319,0.6992678250444759
May,2026-05-29,Atlanta Braves,Cincinnati Reds,0,0.43,0.5672293804394164,0.5679575828789347
May,2026-05-29,San Diego Padres,Washington Nationals,0,0.51,0.5332496142303229,0.4161545309080402
May,2026-05-29,Minnesota Twins,Pittsburgh Pirates,1,0.54,0.6386972106279435,0.5464702746572535
May,2026-05-29,Toronto Blue Jays,Baltimore Orioles,0,0.53,0.5944905338254948,0.6389054478733898
May,2026-05-29,Boston Red Sox,Cleveland Guardians,1,0.53,0.42390025897216066,0.3230420112418504
May,2026-05-29,Los Angeles Angels,Tampa Bay Rays,1,0.59,0.7033359298736728,0.7447010318332214
May,2026-05-29,Miami Marlins,New York Mets,1,0.5,0.5345104946811762,0.7114081162910646
May,2026-05-29,Chicago Cubs,St. Louis Cardinals,1,0.46,0.48890006862021335,0.44079244004327994
May,2026-05-29,Detroit Tigers,Chicago White Sox,1,0.49,0.6396778437373735,0.5161096066054033
May,2026-05-30,San Francisco Giants,Colorado Rockies,1,0.44,0.3822883007347232,0.3017563804842877
May,2026-05-30,Philadelphia Phillies,Los Angeles Dodgers,1,0.55,0.5816037413033124,0.5085515501555367
May,2026-05-30,Detroit Tigers,Chicago White Sox,1,0.49,0.5586501175719498,0.46257982438031664
May,2026-05-30,San Diego Padres,Washington Nationals,1,0.45,0.5577490039266723,0.49658386285623346
May,2026-05-30,Kansas City Royals,Texas Rangers,1,0.53,0.5896328815025088,0.44995164798046317
May,2026-05-30,Toronto Blue Jays,Baltimore Orioles,1,0.46,0.5426734131179006,0.33747250773495063
May,2026-05-30,Minnesota Twins,Pittsburgh Pirates,1,0.56,0.6253562044206225,0.5666366508344515
May,2026-05-30,Boston Red Sox,Cleveland Guardians,0,0.55,0.46079495073058263,0.44822339474325035
May,2026-05-30,Los Angeles Angels,Tampa Bay Rays,0,0.6,0.5489648508355142,0.6557547486625452
May,2026-05-30,Miami Marlins,New York Mets,1,0.54,0.5732343465810209,0.5892639153382258
May,2026-05-30,Milwaukee Brewers,Houston Astros,1,0.48,0.48581204931305916,0.40378761934144247
May,2026-05-30,Chicago Cubs,St. Louis Cardinals,0,0.45,0.44061035726644815,0.48944730744434073
May,2026-05-30,Atlanta Braves,Cincinnati Reds,0,0.46,0.5160545922530624,0.6731410974812879
May,2026-05-31,Toronto Blue Jays,Baltimore Orioles,1,0.54,0.49915861797421673,0.5077940464611936
May,2026-05-31,San Diego Padres,Washington Nationals,1,0.49,0.48994227397614437,0.49246786521957187
May,2026-05-31,Minnesota Twins,Pittsburgh Pirates,1,0.58,0.6368602039314145,0.7182538394183848
May,2026-05-31,Boston Red Sox,Cleveland Guardians,0,0.51,0.3977117175880485,0.4147017672806804
May,2026-05-31,Los Angeles Angels,Tampa Bay Rays,1,0.65,0.6329296323107388,0.8181066950931413
May,2026-05-31,Atlanta Braves,Cincinnati Reds,1,0.45,0.5124676667150103,0.7245827143862957
May,2026-05-31,Miami Marlins,New York Mets,1,0.58,0.5392931279455716,0.6964422756365943
May,2026-05-31,Detroit Tigers,Chicago White Sox,1,0.55,0.6067212285323595,0.5696076396373194
May,2026-05-31,Milwaukee Brewers,Houston Astros,0,0.34,0.366726897755214,0.31785748039986517
May,2026-05-31,Kansas City Royals,Texas Rangers,1,0.5,0.5710567850338637,0.48979083215891933
May,2026-05-31,San Francisco Giants,Colorado Rockies,0,0.48,0.2874729822937856,0.12153126175001286
May,2026-05-31,Philadelphia Phillies,Los Angeles Dodgers,1,0.68,0.5625676768306842,0.6279424269856454
May,2026-05-31,Chicago Cubs,St. Louis Cardinals,1,0.52,0.40966375735632504,0.5187350576998361
June,2026-06-01,Detroit Tigers,Tampa Bay Rays,0,0.6,0.5235354766836869,0.5135570915345684
June,2026-06-01,Miami Marlins,Washington Nationals,0,0.56,0.4749280256528294,0.42413913121515784
June,2026-06-01,Kansas City Royals,Cincinnati Reds,0,0.55,0.5370678136366799,0.47353261342621633
June,2026-06-01,Chicago White Sox,Minnesota Twins,1,0.56,0.6192846358871761,0.6785335007622108
June,2026-06-01,San Francisco Giants,Milwaukee Brewers,1,0.57,0.7249004545357463,0.7347996369143039
June,2026-06-01,Texas Rangers,St. Louis Cardinals,0,0.46,0.5410569897319586,0.5071772768392332
June,2026-06-02,Colorado Rockies,Los Angeles Angels,0,0.59,0.6213989471732315,0.5828518971672209
June,2026-06-02,New York Mets,Seattle Mariners,1,0.57,0.5038609408863813,0.4365338948501638
June,2026-06-02,Detroit Tigers,Tampa Bay Rays,0,0.57,0.7249899453204687,0.6068892556346653
June,2026-06-02,San Diego Padres,Philadelphia Phillies,1,0.57,0.5441854343753849,0.5414715118027147
June,2026-06-02,Baltimore Orioles,Boston Red Sox,0,0.55,0.6429774272714368,0.6337091104397833
June,2026-06-02,Miami Marlins,Washington Nationals,0,0.51,0.4968014415758175,0.43234397145860026
June,2026-06-02,Cleveland Guardians,New York Yankees,0,0.66,0.6849752916549152,0.6117001223809694
June,2026-06-02,Kansas City Royals,Cincinnati Reds,1,0.53,0.6498454989382381,0.5723801591941157
June,2026-06-02,Toronto Blue Jays,Atlanta Braves,1,0.52,0.5571651917533531,0.41665688824785757
June,2026-06-02,Chicago White Sox,Minnesota Twins,1,0.46,0.5399795338676402,0.6069802030399445
June,2026-06-02,San Francisco Giants,Milwaukee Brewers,1,0.69,0.7444686079966347,0.6420804305957453
June,2026-06-02,Texas Rangers,St. Louis Cardinals,0,0.49,0.5240931893545114,0.44256765697798806
June,2026-06-03,Pittsburgh Pirates,Houston Astros,0,0.41,0.4606442192033397,0.46378762745871177
June,2026-06-03,Colorado Rockies,Los Angeles Angels,0,0.58,0.4746756218456963,0.4939864833309172
June,2026-06-03,Miami Marlins,Washington Nationals,0,0.49,0.5247423000064194,0.6047622127088089
June,2026-06-03,Detroit Tigers,Tampa Bay Rays,0,0.58,0.5472772259521295,0.4476353173526505
June,2026-06-03,Chicago White Sox,Minnesota Twins,0,0.57,0.6095998259775213,0.6448152545309102
June,2026-06-03,New York Mets,Seattle Mariners,0,0.57,0.5253975817777325,0.49741777635654616
June,2026-06-03,San Diego Padres,Philadelphia Phillies,1,0.66,0.6240734528628484,0.7312421189948363
June,2026-06-03,Baltimore Orioles,Boston Red Sox,1,0.58,0.7109303258489588,0.6853397294880215
June,2026-06-03,Cleveland Guardians,New York Yankees,0,0.57,0.5489183422593689,0.5299510621729039
June,2026-06-03,Kansas City Royals,Cincinnati Reds,0,0.58,0.6035296798334351,0.5078978622008384
June,2026-06-03,Toronto Blue Jays,Atlanta Braves,1,0.57,0.4681506691672738,0.5129353540872535
June,2026-06-03,San Francisco Giants,Milwaukee Brewers,0,0.55,0.7169182048337628,0.675069601462461
June,2026-06-03,Texas Rangers,St. Louis Cardinals,1,0.51,0.5151338531738902,0.5436195908898176
June,2026-06-04,Pittsburgh Pirates,Houston Astros,1,0.5,0.5149670700574256,0.39761149001792506
June,2026-06-04,San Diego Padres,Philadelphia Phillies,1,0.65,0.6243552965195607,0.6496494033728889
June,2026-06-04,Baltimore Orioles,Boston Red Sox,0,0.52,0.6718108277168523,0.6676936439634391
June,2026-06-04,Cleveland Guardians,New York Yankees,1,0.6,0.5939254264234279,0.6090882810968551
June,2026-06-04,San Francisco Giants,Milwaukee Brewers,0,0.63,0.6829322460750947,0.6963186222724196
June,2026-06-04,Toronto Blue Jays,Atlanta Braves,0,0.69,0.6452588534467645,0.595781667668519
June,2026-06-04,Kansas City Royals,Minnesota Twins,0,0.48,0.6105276866102649,0.5182425259086404
June,2026-06-05,San Francisco Giants,Chicago Cubs,0,0.61,0.6612170015441623,0.6361479496105236
June,2026-06-05,Seattle Mariners,Detroit Tigers,1,0.46,0.6832773943725376,0.6597743316148815
June,2026-06-05,Chicago White Sox,Philadelphia Phillies,1,0.62,0.597584420453216,0.7029713630595353
June,2026-06-05,Boston Red Sox,New York Yankees,0,0.56,0.39427345271658076,0.4080198320374721
June,2026-06-05,Baltimore Orioles,Toronto Blue Jays,0,0.57,0.5878727786967868,0.7213390942040478
June,2026-06-05,Tampa Bay Rays,Miami Marlins,0,0.43,0.517099722143955,0.3938257799674737
June,2026-06-05,Pittsburgh Pirates,Atlanta Braves,1,0.57,0.6125541404261529,0.6047096103262715
June,2026-06-06,Milwaukee Brewers,Colorado Rockies,0,0.3,0.5177560641702083,0.5073098274769753
June,2026-06-06,New York Mets,San Diego Padres,0,0.46,0.5865930810160975,0.621710328401455
June,2026-06-06,Los Angeles Angels,Los Angeles Dodgers,1,0.73,0.4955605765031616,0.5781168995219286
June,2026-06-06,Seattle Mariners,Detroit Tigers,0,0.45,0.6248549756955163,0.583887547799223
June,2026-06-06,Kansas City Royals,Minnesota Twins,0,0.57,0.6548011540963784,0.597536739438508
June,2026-06-06,Cincinnati Reds,St. Louis Cardinals,1,0.53,0.5282128896462764,0.484871750959093
June,2026-06-06,San Francisco Giants,Chicago Cubs,1,0.58,0.6378121129126263,0.5918153907779788
June,2026-06-06,Baltimore Orioles,Toronto Blue Jays,1,0.51,0.595972040255467,0.6394781586407987
June,2026-06-06,Chicago White Sox,Philadelphia Phillies,0,0.55,0.5089674210768547,0.6381315669465392
June,2026-06-06,Pittsburgh Pirates,Atlanta Braves,1,0.5,0.38043539990467073,0.3664839601094208
June,2026-06-06,Tampa Bay Rays,Miami Marlins,1,0.44,0.4358707162251313,0.3924955829736599
June,2026-06-06,Cleveland Guardians,Texas Rangers,0,0.52,0.5715390578904013,0.5525004281452855
June,2026-06-07,Pittsburgh Pirates,Atlanta Braves,1,0.58,0.5417486397772282,0.48074695975951964
June,2026-06-07,Chicago White Sox,Philadelphia Phillies,1,0.62,0.5039913880530187,0.5938666381064154
June,2026-06-07,Boston Red Sox,New York Yankees,1,0.57,0.5771046884072819,0.5591033341386423
June,2026-06-07,Baltimore Orioles,Toronto Blue Jays,1,0.55,0.6264676429229737,0.6345555858114627
June,2026-06-07,Seattle Mariners,Detroit Tigers,1,0.51,0.594276734166172,0.6305174153540111
June,2026-06-07,Tampa Bay Rays,Miami Marlins,1,0.49,0.546733148462914,0.5042121329207169
June,2026-06-07,Kansas City Royals,Minnesota Twins,0,0.48,0.5337394063509304,0.425843083808796
June,2026-06-07,Cincinnati Reds,St. Louis Cardinals,1,0.56,0.5865612532573445,0.5683433044849757
June,2026-06-07,Cleveland Guardians,Texas Rangers,1,0.56,0.6623121709826976,0.638294166339013
June,2026-06-07,Milwaukee Brewers,Colorado Rockies,0,0.37,0.3870280239830185,0.31435787902767726
June,2026-06-07,Los Angeles Angels,Los Angeles Dodgers,0,0.69,0.5601487351743617,0.6464498173616371
June,2026-06-07,New York Mets,San Diego Padres,0,0.49,0.4919028096100009,0.4774284970657674
June,2026-06-21,New York Mets,Philadelphia Phillies,1,0.62,0.5817410352782288,0.6286873777448241
June,2026-06-22,New York Yankees,Detroit Tigers,1,0.45,0.5562591620915979,0.6225936092902574
June,2026-06-22,Kansas City Royals,Tampa Bay Rays,0,0.63,0.6902001199655751,0.6709604467735972
June,2026-06-22,Texas Rangers,Miami Marlins,0,0.54,0.5669243183559971,0.6065062075444067
June,2026-06-22,Philadelphia Phillies,Washington Nationals,1,0.52,0.5541395941884192,0.4959590909883191
June,2026-06-22,Houston Astros,Toronto Blue Jays,1,0.54,0.5347099985386199,0.5098025640541245
June,2026-06-22,Milwaukee Brewers,Cincinnati Reds,0,0.41,0.30866047003907765,0.2982160185494915
June,2026-06-22,Los Angeles Dodgers,Minnesota Twins,0,0.41,0.4525797449475638,0.3902308571575938
June,2026-06-22,Cleveland Guardians,Chicago White Sox,1,0.49,0.531278283599631,0.5194424483498857
June,2026-06-23,Boston Red Sox,Colorado Rockies,1,0.41,0.42717613804797855,0.4440314147256313
June,2026-06-23,Baltimore Orioles,Los Angeles Angels,0,0.44,0.5099473917459703,0.3201215923289141
June,2026-06-23,Atlanta Braves,San Diego Padres,1,0.48,0.6253292411310272,0.6899686769185315
June,2026-06-23,Houston Astros,Toronto Blue Jays,0,0.53,0.5358319084167453,0.5813893178182646
June,2026-06-23,Seattle Mariners,Pittsburgh Pirates,0,0.45,0.6510370858385179,0.5678861562970032
June,2026-06-23,Kansas City Royals,Tampa Bay Rays,0,0.63,0.7525958593738915,0.7490727263446118
June,2026-06-23,Texas Rangers,Miami Marlins,1,0.6,0.5788964124205619,0.6964219702388637
June,2026-06-23,New York Yankees,Detroit Tigers,0,0.48,0.5798804372263766,0.566946968351012
June,2026-06-23,Philadelphia Phillies,Washington Nationals,0,0.38,0.5584770730860447,0.43437759386949704
June,2026-06-23,Chicago Cubs,New York Mets,0,0.48,0.5334222240839372,0.5232286181165517
June,2026-06-23,Milwaukee Brewers,Cincinnati Reds,0,0.5,0.5099216172557621,0.5806593503802269
June,2026-06-23,Los Angeles Dodgers,Minnesota Twins,0,0.37,0.4268179637203146,0.4828221726694382
June,2026-06-23,Cleveland Guardians,Chicago White Sox,1,0.48,0.5485577404074331,0.47358539014830714
June,2026-06-24,Atlanta Braves,San Diego Padres,1,0.46,0.5994333130815014,0.6902514698117886
June,2026-06-24,Texas Rangers,Miami Marlins,1,0.47,0.5652666247020628,0.559348497155371
June,2026-06-24,Chicago Cubs,New York Mets,0,0.49,0.4325762762232126,0.4619085411023116
June,2026-06-24,Cleveland Guardians,Chicago White Sox,0,0.48,0.5530766778720838,0.5102912982350244
June,2026-06-24,Boston Red Sox,Colorado Rockies,1,0.38,0.2513857636130002,0.24226673325928033
June,2026-06-24,Baltimore Orioles,Los Angeles Angels,1,0.52,0.5119806955211978,0.5411058057211189
June,2026-06-24,Seattle Mariners,Pittsburgh Pirates,1,0.51,0.6116450615918392,0.5299469798015163
June,2026-06-24,Kansas City Royals,Tampa Bay Rays,1,0.57,0.5559823474136942,0.5289682518027056
June,2026-06-24,New York Yankees,Detroit Tigers,0,0.53,0.5339215888739467,0.676199951360854
June,2026-06-24,Philadelphia Phillies,Washington Nationals,0,0.46,0.5310668253891275,0.32580167218706696
June,2026-06-24,Houston Astros,Toronto Blue Jays,0,0.57,0.6199623100691816,0.6794366543282806
June,2026-06-24,Milwaukee Brewers,Cincinnati Reds,0,0.44,0.4071523085584538,0.4176540253942715
June,2026-06-24,Los Angeles Dodgers,Minnesota Twins,0,0.39,0.4579326329385194,0.40390727002774696
June,2026-06-25,Kansas City Royals,Tampa Bay Rays,1,0.56,0.6381483167528136,0.5446958767893545
June,2026-06-25,Seattle Mariners,Pittsburgh Pirates,1,0.43,0.5494992920721651,0.5166038926632428
June,2026-06-25,Houston Astros,Detroit Tigers,0,0.51,0.5799499215904419,0.6521292362873253
June,2026-06-25,Philadelphia Phillies,Washington Nationals,0,0.38,0.4500529382587951,0.31168800334307795
June,2026-06-25,Texas Rangers,Toronto Blue Jays,0,0.56,0.49346604271917377,0.5500823982962635
June,2026-06-25,Chicago Cubs,New York Mets,0,0.49,0.5448988420099501,0.5591570754952118
June,2026-06-25,New York Yankees,Boston Red Sox,1,0.42,0.4995867478279053,0.5494221122004683
June,2026-06-26,Houston Astros,Detroit Tigers,1,0.51,0.5635597323964371,0.5589903893824741
June,2026-06-26,Cincinnati Reds,Pittsburgh Pirates,0,0.62,0.5347228877662697,0.5932353929125346
June,2026-06-26,Washington Nationals,Baltimore Orioles,1,0.55,0.452359719672991,0.48999403401630803
June,2026-06-26,Texas Rangers,Toronto Blue Jays,0,0.5,0.4985849009942952,0.4419324624089222
June,2026-06-26,Seattle Mariners,Cleveland Guardians,0,0.5,0.6457693068613682,0.5954486646483987
June,2026-06-26,Philadelphia Phillies,New York Mets,0,0.39,0.5492989775926158,0.4381385195185093
June,2026-06-26,New York Yankees,Boston Red Sox,1,0.49,0.6632662378916514,0.7107940164140522
June,2026-06-26,Kansas City Royals,Chicago White Sox,1,0.54,0.6397564464663293,0.5461983126831069
June,2026-06-26,Chicago Cubs,Milwaukee Brewers,1,0.68,0.7576162755827702,0.7447762419127584
June,2026-06-27,Los Angeles Dodgers,San Diego Padres,1,0.35,0.610066753282948,0.5629745988756684
June,2026-06-27,Atlanta Braves,San Francisco Giants,0,0.53,0.6149906313074651,0.6597823000868863
June,2026-06-27,Houston Astros,Detroit Tigers,0,0.54,0.6043627044343353,0.6714952406639054
June,2026-06-27,New York Yankees,Boston Red Sox,1,0.48,0.5527688721451177,0.5604404128688045
June,2026-06-27,Texas Rangers,Toronto Blue Jays,0,0.63,0.6088446158820136,0.7230415687824202
June,2026-06-27,Cincinnati Reds,Pittsburgh Pirates,0,0.49,0.57954984011673,0.517152338783459
June,2026-06-27,Philadelphia Phillies,New York Mets,1,0.54,0.5476953951842056,0.5797192825928019
June,2026-06-27,Kansas City Royals,Chicago White Sox,1,0.54,0.6251220484641594,0.49862981460642597
June,2026-06-27,Washington Nationals,Baltimore Orioles,0,0.5,0.5643801433496342,0.5637981539886908
June,2026-06-27,Seattle Mariners,Cleveland Guardians,1,0.42,0.46708545844186683,0.3775273549176358
June,2026-06-27,Colorado Rockies,Minnesota Twins,0,0.56,0.5644355077805341,0.6660946214829557
June,2026-06-27,Chicago Cubs,Milwaukee Brewers,0,0.59,0.5267752846574507,0.45222476244418863
June,2026-06-27,Miami Marlins,St. Louis Cardinals,0,0.55,0.47732098560728525,0.5205747767169607
June,2026-06-28,Washington Nationals,Baltimore Orioles,0,0.64,0.5993859275628568,0.6575789860640013
June,2026-06-28,Cincinnati Reds,Pittsburgh Pirates,1,0.55,0.7468224357395754,0.6259939464542592
June,2026-06-28,Texas Rangers,Toronto Blue Jays,0,0.55,0.5777064698883614,0.6430996146758577
June,2026-06-28,Houston Astros,Detroit Tigers,0,0.46,0.48216730300655586,0.4801305081402173
June,2026-06-28,Seattle Mariners,Cleveland Guardians,1,0.5,0.5593463909157503,0.5531354933918686
June,2026-06-28,Philadelphia Phillies,New York Mets,0,0.4,0.5400700412629992,0.4863920102569523
June,2026-06-28,Colorado Rockies,Minnesota Twins,1,0.59,0.6442128055467023,0.6513665141509516
June,2026-06-28,Kansas City Royals,Chicago White Sox,0,0.56,0.6256543770963761,0.5169120267356936
June,2026-06-28,Chicago Cubs,Milwaukee Brewers,0,0.6,0.5875886891159339,0.7221417646003276
June,2026-06-28,Miami Marlins,St. Louis Cardinals,1,0.53,0.4058773454074382,0.46504666132784533
June,2026-06-28,Atlanta Braves,San Francisco Giants,1,0.38,0.41710777279996136,0.4632262402842738
June,2026-06-28,Los Angeles Dodgers,San Diego Padres,0,0.43,0.6009457641877886,0.5965950609950874
June,2026-06-28,New York Yankees,Boston Red Sox,1,0.5,0.7132589691852094,0.6783021145746184
June,2026-06-29,Chicago White Sox,Baltimore Orioles,0,0.54,0.5049141158467889,0.572921033429066
June,2026-06-29,Pittsburgh Pirates,Philadelphia Phillies,0,0.5,0.4625358680024782,0.5156945333421179
June,2026-06-29,Detroit Tigers,New York Yankees,0,0.55,0.5422182897254858,0.5215389369185957
June,2026-06-29,New York Mets,Toronto Blue Jays,1,0.53,0.4790417626525585,0.4728686063447537
June,2026-06-29,Washington Nationals,Boston Red Sox,1,0.61,0.6221690584163758,0.6965787885337725
June,2026-06-29,Texas Rangers,Cleveland Guardians,0,0.57,0.5290941591726579,0.5733354150820644
June,2026-06-29,Cincinnati Reds,Milwaukee Brewers,1,0.55,0.5390927007251841,0.512319524929145
June,2026-06-30,San Diego Padres,Chicago Cubs,1,0.57,0.6494723702824907,0.6451794356208099
June,2026-06-30,Minnesota Twins,Houston Astros,0,0.5,0.6304863879592152,0.619996295446208
June,2026-06-30,Miami Marlins,Colorado Rockies,0,0.43,0.547391036409766,0.5209671790938921
June,2026-06-30,Los Angeles Angels,Seattle Mariners,1,0.6,0.6443080635882149,0.8019078829820342
June,2026-06-30,Chicago White Sox,Baltimore Orioles,0,0.57,0.5982243092257448,0.5712094146755609
June,2026-06-30,Texas Rangers,Cleveland Guardians,0,0.46,0.47853565132149567,0.49145256739898047
June,2026-06-30,Pittsburgh Pirates,Philadelphia Phillies,1,0.68,0.7643278172179894,0.8009488426486485
June,2026-06-30,Detroit Tigers,New York Yankees,0,0.51,0.5623713225223075,0.4158863128649303
June,2026-06-30,New York Mets,Toronto Blue Jays,0,0.5,0.526044561208335,0.46978324624910844
June,2026-06-30,Washington Nationals,Boston Red Sox,0,0.54,0.5892409076874957,0.6906616912691206
June,2026-06-30,St. Louis Cardinals,Atlanta Braves,0,0.57,0.5750724031128222,0.5267382419121527
June,2026-06-30,Tampa Bay Rays,Kansas City Royals,0,0.47,0.5539938609799485,0.5808778120108509
June,2026-06-30,Cincinnati Reds,Milwaukee Brewers,1,0.6,0.6369133233176857,0.5874607557321481
July,2026-07-01,Minnesota Twins,Houston Astros,1,0.53,0.5486014562428593,0.5833571059039689
July,2026-07-01,Miami Marlins,Colorado Rockies,0,0.41,0.3584044962429588,0.3952926989385644
July,2026-07-01,Chicago White Sox,Baltimore Orioles,1,0.55,0.5764215159261172,0.6346974678048295
July,2026-07-01,Texas Rangers,Cleveland Guardians,1,0.5,0.45902192032593747,0.5282677829177623
July,2026-07-01,Washington Nationals,Boston Red Sox,0,0.57,0.6453697303901659,0.6450708439555771
July,2026-07-01,Detroit Tigers,New York Yankees,0,0.55,0.46686984897890776,0.38455408955815135
July,2026-07-01,San Diego Padres,Chicago Cubs,1,0.53,0.5198431878062071,0.5499906093070761
July,2026-07-01,New York Mets,Toronto Blue Jays,1,0.5,0.5660076008114496,0.5448452207035981
July,2026-07-01,Pittsburgh Pirates,Philadelphia Phillies,1,0.57,0.5334026612765829,0.5441344968920865
July,2026-07-01,St. Louis Cardinals,Atlanta Braves,1,0.55,0.6043280128047855,0.6360742613266376
July,2026-07-01,Tampa Bay Rays,Kansas City Royals,0,0.42,0.367666230994169,0.42513574973482393
July,2026-07-02,Pittsburgh Pirates,Philadelphia Phillies,0,0.54,0.5415898681599235,0.568731414730764
July,2026-07-02,Cincinnati Reds,Milwaukee Brewers,0,0.64,0.7389372302190519,0.7076970578378832
July,2026-07-02,Miami Marlins,Colorado Rockies,1,0.43,0.40125226662120234,0.4907735514502546
July,2026-07-02,Chicago White Sox,Cleveland Guardians,1,0.5,0.475672854658157,0.5187980048419811
July,2026-07-02,St. Louis Cardinals,Atlanta Braves,0,0.51,0.643748013442148,0.6444895509976339
July,2026-07-02,Tampa Bay Rays,Kansas City Royals,0,0.45,0.44118368960470467,0.45374622635070444
July,2026-07-03,San Diego Padres,Los Angeles Dodgers,1,0.69,0.6112094769883761,0.5554735006926295
July,2026-07-03,St. Louis Cardinals,Chicago Cubs,0,0.54,0.5175579425249178,0.5776366850437872
July,2026-07-03,Pittsburgh Pirates,Washington Nationals,1,0.57,0.6177187300664181,0.6283322034918721
July,2026-07-03,Minnesota Twins,New York Yankees,1,0.65,0.5508383461342825,0.5850167063263797
July,2026-07-03,Baltimore Orioles,Cincinnati Reds,0,0.46,0.46881192263117294,0.4996821539496871
July,2026-07-03,Chicago White Sox,Cleveland Guardians,1,0.54,0.5450923094612283,0.5855512804696936
July,2026-07-03,New York Mets,Atlanta Braves,1,0.5,0.5467168906603217,0.5062794205376634
July,2026-07-04,San Francisco Giants,Colorado Rockies,1,0.45,0.4531712217057503,0.41798586054884757
July,2026-07-04,Boston Red Sox,Los Angeles Angels,0,0.41,0.40704290889951744,0.3051509932297507
July,2026-07-04,San Diego Padres,Los Angeles Dodgers,1,0.7,0.6369204469676072,0.6470023647381663
July,2026-07-04,Pittsburgh Pirates,Washington Nationals,0,0.4,0.5253333430763087,0.41313520242650176
July,2026-07-04,Minnesota Twins,New York Yankees,0,0.58,0.5901826439258465,0.5221975802103845
July,2026-07-04,Detroit Tigers,Texas Rangers,0,0.47,0.5122710913128788,0.3496380336189946
July,2026-07-04,Toronto Blue Jays,Seattle Mariners,1,0.59,0.5907240217726011,0.6482711552200706
July,2026-07-04,Baltimore Orioles,Cincinnati Reds,0,0.54,0.3882333218707329,0.6230249298282757
July,2026-07-04,Tampa Bay Rays,Houston Astros,1,0.51,0.4864830807878735,0.5169020472204306
July,2026-07-04,Chicago White Sox,Cleveland Guardians,0,0.56,0.5810514819637972,0.6448745927208454
July,2026-07-05,Boston Red Sox,Los Angeles Angels,0,0.4,0.31442005248071436,0.2578095505270422
July,2026-07-05,New York Mets,Atlanta Braves,0,0.51,0.5739084512959208,0.4624520370780781
July,2026-07-05,Pittsburgh Pirates,Washington Nationals,0,0.56,0.48629330547166205,0.431990304830799
July,2026-07-05,Baltimore Orioles,Cincinnati Reds,1,0.48,0.48545904433971515,0.5216699521725037
July,2026-07-05,Minnesota Twins,New York Yankees,0,0.54,0.5449121089581888,0.5200345713308319
July,2026-07-05,Chicago White Sox,Cleveland Guardians,0,0.55,0.49351706800631595,0.5217048000783607
July,2026-07-05,St. Louis Cardinals,Chicago Cubs,1,0.57,0.7057460380786775,0.6913976416020315
July,2026-07-05,Philadelphia Phillies,Kansas City Royals,1,0.44,0.5123349697737888,0.511693161727639
July,2026-07-05,Tampa Bay Rays,Houston Astros,1,0.51,0.5932723578508827,0.5392059079644327
July,2026-07-05,Detroit Tigers,Texas Rangers,0,0.46,0.43941161628796255,0.42535784194955567
July,2026-07-05,San Francisco Giants,Colorado Rockies,1,0.48,0.48896418365408345,0.3213300627256319
July,2026-07-05,Toronto Blue Jays,Seattle Mariners,1,0.52,0.49773383469126,0.4760245020280483
July,2026-07-05,San Diego Padres,Los Angeles Dodgers,0,0.67,0.5078975223277798,0.5653094604543373
July,2026-07-06,Philadelphia Phillies,Kansas City Royals,1,0.34,0.42528019501403086,0.43159248402082323
July,2026-07-06,New York Yankees,Tampa Bay Rays,0,0.46,0.5107444182818347,0.5343825876718207
July,2026-07-06,Houston Astros,Washington Nationals,1,0.51,0.5438200535713232,0.48106658493418847
July,2026-07-06,New York Mets,Atlanta Braves,0,0.54,0.6061521685732039,0.5329983993713894
July,2026-07-06,Milwaukee Brewers,St. Louis Cardinals,0,0.47,0.46393914992298285,0.40046791477431065
July,2026-07-07,Toronto Blue Jays,San Francisco Giants,1,0.5,0.5686174562679347,0.525461814871658
July,2026-07-07,Colorado Rockies,Los Angeles Dodgers,1,0.69,0.6847108936704626,0.7295697800633814
July,2026-07-07,Milwaukee Brewers,St. Louis Cardinals,0,0.49,0.5065710784319971,0.5009992118433986
July,2026-07-07,Chicago Cubs,Baltimore Orioles,0,0.48,0.5455984707108372,0.4830617600085474
July,2026-07-07,Atlanta Braves,Pittsburgh Pirates,1,0.57,0.5361376622918985,0.6161180764677233
July,2026-07-07,Seattle Mariners,Miami Marlins,1,0.53,0.5961152532320888,0.4409736468237363
July,2026-07-07,New York Yankees,Tampa Bay Rays,1,0.53,0.5544883898005004,0.6383773155460896
July,2026-07-07,Houston Astros,Washington Nationals,0,0.52,0.592835041893973,0.603794809111126
July,2026-07-07,Kansas City Royals,New York Mets,0,0.58,0.642686992916752,0.5921704731247722
July,2026-07-07,Philadelphia Phillies,Cincinnati Reds,0,0.38,0.4750904105110901,0.4597800165261525
July,2026-07-07,Cleveland Guardians,Minnesota Twins,1,0.51,0.4812639628311926,0.44486162110070804
July,2026-07-07,Boston Red Sox,Chicago White Sox,0,0.46,0.38983428377933005,0.3847830403940329
July,2026-07-08,Los Angeles Angels,Texas Rangers,1,0.6,0.5873755787902503,0.5948892764707103
July,2026-07-08,Colorado Rockies,Los Angeles Dodgers,0,0.67,0.793843163041053,0.7882380696055526
July,2026-07-08,Toronto Blue Jays,San Francisco Giants,0,0.45,0.5464311141379286,0.5371311553269246
July,2026-07-08,Chicago Cubs,Baltimore Orioles,0,0.53,0.585126881690598,0.5731451515150617
July,2026-07-08,Atlanta Braves,Pittsburgh Pirates,0,0.51,0.5112578308136672,0.5162503464521078
July,2026-07-08,Seattle Mariners,Miami Marlins,1,0.45,0.6210609643703183,0.532666278219319
July,2026-07-08,New York Yankees,Tampa Bay Rays,1,0.52,0.6203032836744186,0.6259840130198536
July,2026-07-08,Houston Astros,Washington Nationals,1,0.55,0.5958035056990225,0.5772718832053272
July,2026-07-08,Kansas City Royals,New York Mets,1,0.63,0.6376053621572336,0.6105596513833111
July,2026-07-08,Philadelphia Phillies,Cincinnati Reds,1,0.56,0.49394052425307106,0.5354764299463991
July,2026-07-08,Cleveland Guardians,Minnesota Twins,1,0.53,0.5662065908975081,0.5740344424039684
July,2026-07-08,Boston Red Sox,Chicago White Sox,0,0.5,0.5183592805768514,0.4393269975939105
July,2026-07-08,Milwaukee Brewers,St. Louis Cardinals,1,0.42,0.48334505743241996,0.5020975309012747
July,2026-07-09,Los Angeles Angels,Texas Rangers,0,0.57,0.5483326152303755,0.5399102290134745
July,2026-07-09,Atlanta Braves,Pittsburgh Pirates,0,0.47,0.53485057861356,0.5605944323157573
July,2026-07-09,Kansas City Royals,New York Mets,1,0.55,0.6084855449836915,0.6026130682634337
July,2026-07-09,New York Yankees,Tampa Bay Rays,0,0.59,0.6712415092088333,0.7061533847808538
July,2026-07-09,Chicago Cubs,Baltimore Orioles,1,0.54,0.49614529441359706,0.48562524198240836
July,2026-07-09,Cleveland Guardians,Minnesota Twins,0,0.45,0.5252021923962277,0.48869804972494113
July,2026-07-09,Boston Red Sox,Chicago White Sox,0,0.51,0.37291987754170614,0.39966859289404966
July,2026-07-09,Seattle Mariners,Miami Marlins,1,0.45,0.5426884504211631,0.4963146133604838
July,2026-07-09,Philadelphia Phillies,Cincinnati Reds,0,0.38,0.4530863624980889,0.49231964748726
July,2026-07-09,Milwaukee Brewers,St. Louis Cardinals,0,0.45,0.4412618648078822,0.38137083901300706
July,2026-07-10,Colorado Rockies,San Francisco Giants,1,0.58,0.6388881156192373,0.6427982127515234
July,2026-07-10,Philadelphia Phillies,Detroit Tigers,1,0.51,0.5877871285557217,0.5926691676388629
July,2026-07-10,New York Yankees,Washington Nationals,0,0.4,0.535218088597932,0.3739871642660571
July,2026-07-10,Kansas City Royals,Baltimore Orioles,1,0.58,0.6728255635402135,0.5983054448704364
July,2026-07-10,Chicago Cubs,Cincinnati Reds,1,0.48,0.47157114281287743,0.6183004293851071
July,2026-07-10,Seattle Mariners,Tampa Bay Rays,1,0.52,0.6290508269226429,0.5871736255634643
July,2026-07-10,Cleveland Guardians,Miami Marlins,0,0.52,0.4894995298620942,0.4604098568629169
July,2026-07-10,Boston Red Sox,New York Mets,0,0.57,0.5269203314518816,0.6002992125817831
July,2026-07-11,Toronto Blue Jays,San Diego Padres,0,0.53,0.6542340336002946,0.6373503823169123
July,2026-07-11,Milwaukee Brewers,Pittsburgh Pirates,1,0.44,0.3673404270096259,0.39497875981912295
July,2026-07-11,Los Angeles Angels,Minnesota Twins,1,0.61,0.6304042543742986,0.7101755821899808
July,2026-07-11,Colorado Rockies,San Francisco Giants,1,0.57,0.5225793451524784,0.5913382743084546
July,2026-07-11,New York Yankees,Washington Nationals,0,0.35,0.43381468169200765,0.4471819085727916
July,2026-07-11,Boston Red Sox,New York Mets,0,0.56,0.5054831136131837,0.5546876501152737
July,2026-07-11,Seattle Mariners,Tampa Bay Rays,1,0.5,0.5513253980363262,0.4997237135642885
July,2026-07-11,Cleveland Guardians,Miami Marlins,0,0.59,0.597665292928252,0.594326076188272
July,2026-07-11,Philadelphia Phillies,Detroit Tigers,0,0.43,0.48039391171169354,0.4045461678400394
July,2026-07-11,Kansas City Royals,Baltimore Orioles,1,0.58,0.5797981538306322,0.5372997878846025
July,2026-07-11,Houston Astros,Texas Rangers,0,0.51,0.47790448835469945,0.46364618477578196
July,2026-07-11,Chicago Cubs,Cincinnati Reds,0,0.51,0.3591383948329694,0.44985004455338995
July,2026-07-11,Atlanta Braves,St. Louis Cardinals,1,0.5,0.4561139621997733,0.4421598089116682
July,2026-07-12,Milwaukee Brewers,Pittsburgh Pirates,1,0.52,0.44677074983199744,0.5212471489159578
July,2026-07-12,Kansas City Royals,Baltimore Orioles,1,0.58,0.6261289875536752,0.5409085503378852
July,2026-07-12,New York Yankees,Washington Nationals,0,0.51,0.5764919356958972,0.5579859887329445
July,2026-07-12,Chicago Cubs,Cincinnati Reds,0,0.45,0.4526612681223593,0.45370007122982164
July,2026-07-12,Boston Red Sox,New York Mets,0,0.48,0.4058528870167946,0.44150706636867415
July,2026-07-12,Seattle Mariners,Tampa Bay Rays,0,0.56,0.6935737403458523,0.7042440167580442
July,2026-07-12,Philadelphia Phillies,Detroit Tigers,0,0.54,0.5541943540942678,0.5881713569209296
July,2026-07-12,Cleveland Guardians,Miami Marlins,0,0.51,0.5719581279646396,0.5027832505287492
July,2026-07-12,Los Angeles Angels,Minnesota Twins,1,0.55,0.6055311468129364,0.5605408579649324
July,2026-07-12,Atlanta Braves,St. Louis Cardinals,0,0.55,0.48479928560812297,0.472698502499257
July,2026-07-12,Houston Astros,Texas Rangers,1,0.55,0.603185189259408,0.5527190429667717
July,2026-07-12,Colorado Rockies,San Francisco Giants,1,0.58,0.6800291176659662,0.6992630548635459
July,2026-07-12,Toronto Blue Jays,San Diego Padres,1,0.45,0.49623250862855267,0.4193905051552061
July,2026-07-16,New York Mets,Philadelphia Phillies,0,0.53,0.47195583866530916,0.47041018558767567
July,2026-07-17,Tampa Bay Rays,Boston Red Sox,1,0.54,0.6832632101596596,0.7245611423064936
July,2026-07-17,Los Angeles Dodgers,New York Yankees,0,0.48,0.4886483952137083,0.5402229034230551
July,2026-07-17,Texas Rangers,Atlanta Braves,1,0.66,0.6027306662477466,0.7264138861606502
July,2026-07-17,Chicago White Sox,Toronto Blue Jays,0,0.55,0.51891137723198,0.6163458632869161
July,2026-07-17,Miami Marlins,Milwaukee Brewers,1,0.57,0.5765022749875895,0.6475355121260078
July,2026-07-18,Detroit Tigers,Los Angeles Angels,0,0.37,0.5467628427099183,0.4697338192438408
July,2026-07-18,San Francisco Giants,Seattle Mariners,0,0.56,0.5605812667084137,0.5900727525551989
July,2026-07-18,Pittsburgh Pirates,Cleveland Guardians,1,0.5,0.5886394346260723,0.5516454984878445
July,2026-07-18,Minnesota Twins,Chicago Cubs,1,0.57,0.6037975068821004,0.665545876728046
July,2026-07-18,New York Mets,Philadelphia Phillies,1,0.61,0.5278974531480412,0.5268707008616548
July,2026-07-18,Chicago White Sox,Toronto Blue Jays,1,0.5,0.4442671372123152,0.5202730560705597
July,2026-07-18,Cincinnati Reds,Colorado Rockies,1,0.48,0.5836777915662809,0.5095543091995647
July,2026-07-18,Baltimore Orioles,Houston Astros,0,0.5,0.5263574427059791,0.49193827638646764
July,2026-07-18,San Diego Padres,Kansas City Royals,1,0.49,0.49623953661741943,0.5394734072264245
July,2026-07-18,Tampa Bay Rays,Boston Red Sox,1,0.51,0.7049673694398739,0.6559833293800748
July,2026-07-18,Texas Rangers,Atlanta Braves,0,0.51,0.6038414411477822,0.6059453604700498
July,2026-07-18,Miami Marlins,Milwaukee Brewers,1,0.56,0.5804042744948411,0.6503728279080491
July,2026-07-19,Chicago White Sox,Toronto Blue Jays,0,0.47,0.5516124649090783,0.6290100598781774
July,2026-07-19,Los Angeles Dodgers,New York Yankees,1,0.45,0.5387483940811592,0.5176525405238122
July,2026-07-19,Tampa Bay Rays,Boston Red Sox,1,0.52,0.6083967878989057,0.6096083555257854
July,2026-07-19,New York Mets,Philadelphia Phillies,0,0.46,0.5073227389167552,0.47412705096948565
July,2026-07-19,Texas Rangers,Atlanta Braves,1,0.47,0.613903433059383,0.5545642846650947
July,2026-07-19,Pittsburgh Pirates,Cleveland Guardians,0,0.51,0.5570609613343518,0.548859776744024
July,2026-07-19,Baltimore Orioles,Houston Astros,0,0.52,0.5756123935190571,0.6602298735912099
July,2026-07-19,San Diego Padres,Kansas City Royals,0,0.51,0.5349925555331014,0.6492899048995007
July,2026-07-19,Miami Marlins,Milwaukee Brewers,1,0.54,0.660299137846661,0.6042629935212412
July,2026-07-19,Minnesota Twins,Chicago Cubs,1,0.6,0.6395100085329697,0.7151948380617112
July,2026-07-19,Cincinnati Reds,Colorado Rockies,0,0.39,0.6734668968708776,0.42401145996865247
July,2026-07-19,Detroit Tigers,Los Angeles Angels,1,0.42,0.36796654287005537,0.32742579087932416
July,2026-07-19,San Francisco Giants,Seattle Mariners,1,0.64,0.41638923841173736,0.48459909046599425
July,2026-07-20,Minnesota Twins,Cleveland Guardians,1,0.45,0.47478662690109436,0.49986666386783757
July,2026-07-20,Pittsburgh Pirates,New York Yankees,1,0.51,0.5830844894765455,0.5589330553387097
July,2026-07-20,Tampa Bay Rays,Toronto Blue Jays,0,0.6,0.5185372716317905,0.5747426967813056
July,2026-07-20,Baltimore Orioles,Boston Red Sox,1,0.59,0.6959238288202942,0.6456164757390498
July,2026-07-20,Los Angeles Dodgers,Philadelphia Phillies,1,0.56,0.6352219652453264,0.6490326680887645
July,2026-07-20,San Diego Padres,Atlanta Braves,1,0.55,0.6056123974590396,0.5367181107416356
July,2026-07-20,San Francisco Giants,Kansas City Royals,1,0.53,0.48437194748649753,0.481068975059353
July,2026-07-20,New York Mets,Milwaukee Brewers,1,0.66,0.7502369000941711,0.6619677619964867
July,2026-07-21,Detroit Tigers,Chicago Cubs,0,0.51,0.517725505417999,0.5295477104812346
July,2026-07-21,Chicago White Sox,Texas Rangers,0,0.53,0.5579360152389381,0.589523552511107
July,2026-07-21,Miami Marlins,Houston Astros,1,0.55,0.5370567066309518,0.638848604025248
July,2026-07-21,Washington Nationals,Colorado Rockies,0,0.51,0.3593710773707869,0.3460169381792112
July,2026-07-21,Cincinnati Reds,Seattle Mariners,1,0.51,0.4903280112982625,0.5166579097373898
July,2026-07-21,St. Louis Cardinals,Los Angeles Angels,1,0.48,0.5593214661463113,0.5272208124534674
July,2026-07-21,Minnesota Twins,Cleveland Guardians,1,0.58,0.6017733524476884,0.6109678983339065
July,2026-07-21,Los Angeles Dodgers,Philadelphia Phillies,0,0.52,0.45833150769328623,0.5308637393053333
July,2026-07-21,Tampa Bay Rays,Toronto Blue Jays,0,0.49,0.4348281855572485,0.4874870874161677
July,2026-07-21,San Diego Padres,Atlanta Braves,0,0.57,0.58236358663835,0.6249939338177799
July,2026-07-21,San Francisco Giants,Kansas City Royals,1,0.48,0.4726237765058637,0.45347174017848996
July,2026-07-21,New York Mets,Milwaukee Brewers,0,0.55,0.5043538221958491,0.4253535433017964
July,2026-07-22,Detroit Tigers,Chicago Cubs,1,0.52,0.645501399630062,0.6165993274423166
July,2026-07-22,Chicago White Sox,Texas Rangers,1,0.51,0.5996512229305266,0.5769831394493721
July,2026-07-22,Miami Marlins,Houston Astros,1,0.52,0.511309162091971,0.5223250157786752
July,2026-07-22,Pittsburgh Pirates,New York Yankees,1,0.01,0.6972697110715288,0.6620756508091182
July,2026-07-22,Baltimore Orioles,Boston Red Sox,0,0.53,0.6490553351512973,0.6517789107066647
July,2026-07-22,San Francisco Giants,Kansas City Royals,1,0.44,0.4125617884645496,0.4973069696504895
July,2026-07-22,New York Mets,Milwaukee Brewers,1,0.57,0.6722889417474951,0.6671135095474151
July,2026-07-22,Washington Nationals,Colorado Rockies,0,0.43,0.4779800461886223,0.4957404462478236
July,2026-07-22,Cincinnati Reds,Seattle Mariners,0,0.59,0.6731261228312602,0.6298300237940678
July,2026-07-22,St. Louis Cardinals,Los Angeles Angels,0,0.54,0.5449050921302077,0.5179336435606632
July,2026-07-22,Minnesota Twins,Cleveland Guardians,0,0.55,0.5242955505665379,0.5474915003375651
July,2026-07-22,Los Angeles Dodgers,Philadelphia Phillies,0,0.46,0.4149555802887139,0.41544603363188026
July,2026-07-22,Tampa Bay Rays,Toronto Blue Jays,0,0.5,0.5236810103318523,0.5653005233782277
July,2026-07-22,San Diego Padres,Atlanta Braves,1,0.51,0.6142661474094742,0.5326076129481959
July,2026-07-23,San Diego Padres,Atlanta Braves,1,0.69,0.6519280540833438,0.6399782924513451
July,2026-07-23,Minnesota Twins,Cleveland Guardians,0,0.57,0.5152805358267715,0.5696634524571463
July,2026-07-23,Tampa Bay Rays,Toronto Blue Jays,1,0.48,0.45226302680638986,0.562922827521198
July,2026-07-23,Kansas City Royals,Detroit Tigers,1,0.68,0.758196137585935,0.7101811930068546
July,2026-07-24,Colorado Rockies,Milwaukee Brewers,0,0.7,0.7163724018300863,0.7626078196701538
July,2026-07-24,Kansas City Royals,Detroit Tigers,1,0.71,0.6977990625453183,0.7400223756916525
July,2026-07-24,Chicago Cubs,Pittsburgh Pirates,0,0.5,0.42908160752119895,0.37205055261373116
July,2026-07-24,New York Yankees,Philadelphia Phillies,0,0.55,0.4720038018865129,0.5550119891949743
July,2026-07-24,Atlanta Braves,Baltimore Orioles,0,0.53,0.5367289689980239,0.5546816657662441
July,2026-07-24,Los Angeles Dodgers,New York Mets,0,0.45,0.5662134385198974,0.6537277060432727
July,2026-07-24,Cleveland Guardians,Tampa Bay Rays,1,0.55,0.5948398852450507,0.5837492625143822
July,2026-07-24,San Diego Padres,Miami Marlins,0,0.54,0.59299772260371,0.6091759368087298
July,2026-07-24,Toronto Blue Jays,Boston Red Sox,1,0.53,0.6736985114470775,0.5670588744226159
July,2026-07-24,Houston Astros,Chicago White Sox,0,0.55,0.5714288084381651,0.5433236520913128
July,2026-07-25,Kansas City Royals,Detroit Tigers,0,0.6,0.6325732403466727,0.5871644674965055
July,2026-07-25,Los Angeles Angels,San Francisco Giants,1,0.54,0.6438870106949437,0.729674387070817
July,2026-07-25,Toronto Blue Jays,Boston Red Sox,0,0.5,0.566680814526747,0.5256337766032848
July,2026-07-25,San Diego Padres,Miami Marlins,0,0.55,0.6516906886860792,0.6202664446880335
July,2026-07-25,New York Yankees,Philadelphia Phillies,0,0.46,0.5527648267030338,0.555324087074704
July,2026-07-25,Cleveland Guardians,Tampa Bay Rays,1,0.52,0.6338304291511818,0.5826747203910209
July,2026-07-25,Chicago Cubs,Pittsburgh Pirates,0,0.52,0.4755374204292129,0.5042184014869429
July,2026-07-25,Atlanta Braves,Baltimore Orioles,1,0.5,0.48805621164656066,0.4990800091823832
July,2026-07-25,Houston Astros,Chicago White Sox,0,0.53,0.5132142192822466,0.4023428084283602
July,2026-07-25,Colorado Rockies,Milwaukee Brewers,1,0.68,0.6858479224782145,0.7067848292437049
July,2026-07-25,Los Angeles Dodgers,New York Mets,0,0.4,0.4273119113569961,0.4586883185810271
July,2026-07-25,Cincinnati Reds,St. Louis Cardinals,1,0.49,0.674136886716167,0.45983872070653276
July,2026-07-25,Seattle Mariners,Texas Rangers,1,0.48,0.41499526704932005,0.40683883084355527
July,2026-07-26,Cleveland Guardians,Tampa Bay Rays,1,0.53,0.5394891937246341,0.5144497339148569
July,2026-07-26,Chicago Cubs,Pittsburgh Pirates,1,0.54,0.6469110992809232,0.6175160505649612
July,2026-07-26,Toronto Blue Jays,Boston Red Sox,1,0.56,0.6964153832253718,0.6673557780628705
July,2026-07-26,Atlanta Braves,Baltimore Orioles,0,0.48,0.4875482979418791,0.44261043389995863
July,2026-07-26,Kansas City Royals,Detroit Tigers,0,0.63,0.7208075951408817,0.7187673367728693
July,2026-07-26,Los Angeles Dodgers,New York Mets,1,0.41,0.454541210118235,0.4973898515666786
July,2026-07-26,San Diego Padres,Miami Marlins,0,0.53,0.5812801100394669,0.573724480907243
July,2026-07-26,Houston Astros,Chicago White Sox,1,0.49,0.5368713603169293,0.4009212739386428
July,2026-07-26,Colorado Rockies,Milwaukee Brewers,1,0.76,0.7414773653408074,0.7465792794563368
July,2026-07-26,Cincinnati Reds,St. Louis Cardinals,0,0.55,0.5900263268513911,0.5819398645299724
July,2026-07-26,Seattle Mariners,Texas Rangers,0,0.5,0.5081334454746427,0.4573194799030498
July,2026-07-26,Los Angeles Angels,San Francisco Giants,0,0.48,0.5717011755382699,0.5336194699900683
July,2026-07-26,New York Yankees,Philadelphia Phillies,1,0.64,0.6044546896647351,0.7226317339789343
July,2026-07-27,Seattle Mariners,Texas Rangers,1,0.44,0.5155333595452816,0.44558198713925157
July,2026-07-27,Baltimore Orioles,Detroit Tigers,0,0.51,0.6458095694877414,0.5835111662138651
July,2026-07-27,Philadelphia Phillies,Miami Marlins,1,0.36,0.5446379188659964,0.45513033924927615
July,2026-07-27,Toronto Blue Jays,Washington Nationals,0,0.53,0.5544464944629276,0.5085808878854193
July,2026-07-27,Atlanta Braves,New York Mets,1,0.5,0.4750839320832205,0.5400104109926421
July,2026-07-27,New York Yankees,Chicago White Sox,0,0.42,0.45187509960414923,0.4548170928708102
July,2026-07-27,Chicago Cubs,St. Louis Cardinals,0,0.46,0.4582369768146338,0.4430360686483486
July,2026-07-28,Houston Astros,Los Angeles Angels,0,0.49,0.4761729575605978,0.5193672052969778
July,2026-07-28,Milwaukee Brewers,San Francisco Giants,1,0.44,0.4566153120865359,0.540053640761701
July,2026-07-28,Cleveland Guardians,Cincinnati Reds,1,0.42,0.5564007732931554,0.5528684546799758
July,2026-07-28,Baltimore Orioles,Detroit Tigers,1,0.57,0.6401573590779063,0.64926001548606
July,2026-07-28,Texas Rangers,Tampa Bay Rays,0,0.61,0.6491922277107296,0.7271422060685563
July,2026-07-28,Philadelphia Phillies,Miami Marlins,1,0.54,0.6572802686021241,0.61427247479721
July,2026-07-28,Toronto Blue Jays,Washington Nationals,1,0.56,0.5645366257296455,0.478573410654369
July,2026-07-28,Kansas City Royals,Minnesota Twins,1,0.62,0.6728064441038779,0.5944701163652604
July,2026-07-28,New York Yankees,Chicago White Sox,0,0.48,0.5378671107658943,0.49779964881254773
July,2026-07-28,Chicago Cubs,St. Louis Cardinals,0,0.49,0.5643377636648659,0.5357465545881632
July,2026-07-29,Houston Astros,Los Angeles Angels,0,0.48,0.5389685758250746,0.5175982796323667
July,2026-07-29,Seattle Mariners,Los Angeles Dodgers,0,0.58,0.7629629964756194,0.7021142525903322
July,2026-07-29,Philadelphia Phillies,Miami Marlins,1,0.38,0.5408017963470569,0.4199962121107568
July,2026-07-29,Toronto Blue Jays,Washington Nationals,0,0.47,0.44671026871208297,0.3897690407882439
July,2026-07-29,Baltimore Orioles,Detroit Tigers,0,0.62,0.5945365890345183,0.6211138544614521
July,2026-07-29,Atlanta Braves,New York Mets,0,0.99,0.4184251398164138,0.40010525263858043
July,2026-07-29,Milwaukee Brewers,San Francisco Giants,1,0.5,0.3782589248288464,0.41952696180068016
July,2026-07-29,Colorado Rockies,San Diego Padres,1,0.6,0.6928506173856287,0.7650882144594284
July,2026-07-29,Texas Rangers,Tampa Bay Rays,1,0.57,0.5138783925037982,0.5119408133111508
July,2026-07-29,Cleveland Guardians,Cincinnati Reds,0,0.43,0.5297130401085193,0.5257803909163595
July,2026-07-29,Kansas City Royals,Minnesota Twins,0,0.64,0.6935448996134528,0.6033566677894864
July,2026-07-29,New York Yankees,Chicago White Sox,1,0.42,0.5509488453274581,0.4879751058028387
July,2026-07-29,Chicago Cubs,St. Louis Cardinals,1,0.5,0.5510008036170595,0.4551518471159179
July,2026-07-30,Seattle Mariners,Los Angeles Dodgers,1,0.58,0.6640273853700209,0.6635232346839364
July,2026-07-30,Texas Rangers,Tampa Bay Rays,1,0.61,0.6573738412475683,0.6246079561010243
July,2026-07-30,Kansas City Royals,Minnesota Twins,1,0.55,0.5260748995447435,0.4713220269747143
July,2026-07-30,New York Yankees,Chicago White Sox,1,0.51,0.5903423017637449,0.5371465578688818
July,2026-07-30,Chicago Cubs,St. Louis Cardinals,0,0.51,0.5175307285825366,0.5118073920673156
July,2026-07-30,Pittsburgh Pirates,Cincinnati Reds,1,0.47,0.4710065128754216,0.5147139560920604
July,2026-07-30,Miami Marlins,New York Mets,1,0.53,0.5244292684938467,0.5792132374252219
July,2026-07-30,Washington Nationals,Atlanta Braves,1,0.58,0.6362079844341793,0.6967107829301279
July,2026-07-31,San Francisco Giants,San Diego Padres,0,0.56,0.5622788702192131,0.562302787013681
July,2026-07-31,New York Yankees,Chicago Cubs,0,0.61,0.5161222809165924,0.6235470796494036
July,2026-07-31,Pittsburgh Pirates,Cincinnati Reds,1,0.46,0.3894630278934187,0.4902911369807633
July,2026-07-31,Philadelphia Phillies,Baltimore Orioles,1,0.51,0.6140931314045776,0.5881636525565782
July,2026-07-31,St. Louis Cardinals,Toronto Blue Jays,1,0.63,0.6531092159576137,0.650264749630076
July,2026-07-31,Chicago White Sox,Tampa Bay Rays,0,0.55,0.6165422391292477,0.636468806200858
July,2026-07-31,Miami Marlins,New York Mets,0,0.52,0.4356228218584932,0.5013081061911369
July,2026-07-31,Washington Nationals,Atlanta Braves,1,0.52,0.5981486963293324,0.557506734090192
Aug,2026-08-01,Kansas City Royals,Colorado Rockies,1,0.51,0.5674218197095333,0.42508690264686766
Aug,2026-08-01,Milwaukee Brewers,Los Angeles Angels,0,0.47,0.40074048629972564,0.405262546399375
Aug,2026-08-01,San Francisco Giants,San Diego Padres,1,0.55,0.5472922470509586,0.594157857149094
Aug,2026-08-01,Boston Red Sox,Los Angeles Dodgers,0,0.59,0.6306781870799067,0.5965922615680691
Aug,2026-08-01,St. Louis Cardinals,Toronto Blue Jays,1,0.59,0.49683518144607014,0.5524806193892384
Aug,2026-08-01,Minnesota Twins,Seattle Mariners,1,0.6,0.4665056223459645,0.5296123963905676
Aug,2026-08-01,Chicago White Sox,Tampa Bay Rays,1,0.6,0.6067833843347603,0.694828874850158
Aug,2026-08-01,Miami Marlins,New York Mets,0,0.54,0.5504791784792288,0.631141533389859
Aug,2026-08-01,Pittsburgh Pirates,Cincinnati Reds,0,0.47,0.5642393069460014,0.5830148494957565
Aug,2026-08-01,Philadelphia Phillies,Baltimore Orioles,0,0.42,0.4684392871387457,0.3933203125478692
Aug,2026-08-01,Texas Rangers,Houston Astros,1,0.46,0.5917675582987246,0.5932453617875544
Aug,2026-08-01,Washington Nationals,Atlanta Braves,1,0.61,0.6700194179036065,0.6931411990252884
Aug,2026-08-01,New York Yankees,Chicago Cubs,1,0.53,0.53741828984123,0.5728298776052669
Aug,2026-08-02,Washington Nationals,Atlanta Braves,1,0.53,0.6070734639077975,0.6428884820728877
Aug,2026-08-02,St. Louis Cardinals,Toronto Blue Jays,0,0.53,0.4737801997658099,0.4750040587237174
Aug,2026-08-02,Pittsburgh Pirates,Cincinnati Reds,1,0.56,0.49478091215080217,0.5358239833119788
Aug,2026-08-02,Chicago White Sox,Tampa Bay Rays,0,0.58,0.4998302961454762,0.5738719592989602
Aug,2026-08-02,Miami Marlins,New York Mets,0,0.47,0.4400683569740569,0.44801500155024493
Aug,2026-08-02,Texas Rangers,Houston Astros,1,0.55,0.6378640149946964,0.6093080145148373
Aug,2026-08-02,New York Yankees,Chicago Cubs,0,0.47,0.5310956914280793,0.5181677348289575
Aug,2026-08-02,Kansas City Royals,Colorado Rockies,1,0.53,0.583936896901371,0.5259570229125587
Aug,2026-08-02,Milwaukee Brewers,Los Angeles Angels,1,0.32,0.3130294814303489,0.3606965183882971
Aug,2026-08-02,San Francisco Giants,San Diego Padres,1,0.54,0.6239894808095001,0.6328527466585676
Aug,2026-08-02,Minnesota Twins,Seattle Mariners,1,0.56,0.4907854617208474,0.5850647454499095
Aug,2026-08-02,Boston Red Sox,Los Angeles Dodgers,0,0.62,0.4495722353660895,0.46281051818552604
Aug,2026-08-03,Washington Nationals,Philadelphia Phillies,1,0.58,0.5184519158800661,0.5473491457780099
Aug,2026-08-03,St. Louis Cardinals,New York Yankees,0,0.67,0.6546193021050175,0.6475295059472288
Aug,2026-08-03,Pittsburgh Pirates,Milwaukee Brewers,0,0.58,0.5381626143933602,0.5238483261094462
Aug,2026-08-04,Los Angeles Dodgers,Chicago Cubs,1,0.35,0.5609020410567692,0.6194921410676364
Aug,2026-08-04,San Francisco Giants,Texas Rangers,0,0.57,0.45657681269219197,0.3773942978782196
Aug,2026-08-04,Toronto Blue Jays,Houston Astros,0,0.55,0.5996157898964555,0.5672760592783463
Aug,2026-08-04,Tampa Bay Rays,Colorado Rockies,0,0.43,0.3153469701883891,0.2962138033626671
Aug,2026-08-04,Los Angeles Angels,Baltimore Orioles,1,0.59,0.6264826099373232,0.5924096982122145
Aug,2026-08-04,New York Mets,Cleveland Guardians,0,0.56,0.53632782767271,0.5040487245966022
Aug,2026-08-04,Washington Nationals,Philadelphia Phillies,1,0.73,0.6311543357418732,0.8056750031321565
Aug,2026-08-04,St. Louis Cardinals,New York Yankees,1,0.64,0.6009735911513817,0.5811495856979894
Aug,2026-08-04,Chicago White Sox,Boston Red Sox,1,0.57,0.5315688202441593,0.5242936077668867
Aug,2026-08-04,Miami Marlins,Atlanta Braves,1,0.58,0.5541944211317806,0.6277831991477296
Aug,2026-08-04,Minnesota Twins,Kansas City Royals,1,0.42,0.502474852403314,0.5440755787409826
Aug,2026-08-04,Pittsburgh Pirates,Milwaukee Brewers,1,0.58,0.5873642157258898,0.6505880610956896
Aug,2026-08-05,Detroit Tigers,Seattle Mariners,0,0.56,0.5131340374818616,0.48974324401793234
Aug,2026-08-05,Toronto Blue Jays,Houston Astros,0,0.67,0.6694272838661104,0.6274604753148435
Aug,2026-08-05,Los Angeles Dodgers,Chicago Cubs,1,0.52,0.64036491776698,0.6251567099061349
Aug,2026-08-05,San Francisco Giants,Texas Rangers,1,0.6,0.6848725283087481,0.7557190800235218
Aug,2026-08-05,Tampa Bay Rays,Colorado Rockies,0,0.39,0.4551230297863452,0.41335128476398436
Aug,2026-08-05,Los Angeles Angels,Baltimore Orioles,1,0.55,0.5537510205103526,0.6173301168734497
Aug,2026-08-05,New York Mets,Cleveland Guardians,0,0.51,0.5598031005685693,0.5252392488065746
Aug,2026-08-05,Washington Nationals,Philadelphia Phillies,0,0.64,0.6096725154526614,0.6571722224759977
Aug,2026-08-05,St. Louis Cardinals,New York Yankees,0,0.59,0.5560957703579713,0.5470868234132584
Aug,2026-08-05,Chicago White Sox,Boston Red Sox,1,0.56,0.554591468398412,0.600892309113713
Aug,2026-08-05,Miami Marlins,Atlanta Braves,1,0.54,0.5185294184256417,0.4689956670912131
Aug,2026-08-05,Minnesota Twins,Kansas City Royals,1,0.52,0.609540447535911,0.6234560376349483
Aug,2026-08-05,Pittsburgh Pirates,Milwaukee Brewers,1,0.55,0.7022746626582976,0.6194814284153576
Aug,2026-08-06,Los Angeles Angels,Baltimore Orioles,0,0.64,0.6434316764021764,0.663377755819902
Aug,2026-08-06,New York Mets,Cleveland Guardians,0,0.53,0.5398609798499285,0.5341822512143504
Aug,2026-08-06,Pittsburgh Pirates,Milwaukee Brewers,1,0.54,0.5970109629687874,0.5685558202328511
Aug,2026-08-06,Toronto Blue Jays,Chicago Cubs,1,0.48,0.5685417562245335,0.5861192198062616
Aug,2026-08-06,Detroit Tigers,Seattle Mariners,0,0.53,0.4653993804856442,0.426303601032793
Aug,2026-08-06,Washington Nationals,Philadelphia Phillies,1,0.74,0.7066259422113317,0.7914593859638653
Aug,2026-08-06,Chicago White Sox,Boston Red Sox,1,0.63,0.6250553874025003,0.5997599147256583
Aug,2026-08-06,Miami Marlins,Atlanta Braves,1,0.59,0.6407524292401897,0.6456763399951508
Aug,2026-08-06,Minnesota Twins,Kansas City Royals,0,0.55,0.5502551185331686,0.586980982906518
Aug,2026-08-07,New York Mets,Pittsburgh Pirates,0,0.55,0.5186313036472288,0.4279969889781122
Aug,2026-08-07,Toronto Blue Jays,Philadelphia Phillies,0,0.66,0.6026326601185934,0.6448332155229956
Aug,2026-08-07,Cincinnati Reds,Washington Nationals,1,0.52,0.5553179011933027,0.5708524180619606
Aug,2026-08-07,Atlanta Braves,New York Yankees,1,0.54,0.6882648773064727,0.6512889823877326
Aug,2026-08-07,Los Angeles Angels,Miami Marlins,0,0.59,0.6473949846431016,0.7383667078634141
Aug,2026-08-07,Cleveland Guardians,Chicago White Sox,0,0.42,0.5159779967548399,0.46062495300267864
Aug,2026-08-07,Minnesota Twins,Milwaukee Brewers,0,0.62,0.7569915647362931,0.7811757983013078
Aug,2026-08-08,Tampa Bay Rays,Seattle Mariners,0,0.52,0.48008721234001106,0.5342989646728867
Aug,2026-08-08,Atlanta Braves,New York Yankees,1,0.41,0.4646818527485021,0.45062421359785265
Aug,2026-08-08,Los Angeles Angels,Miami Marlins,1,0.59,0.6057025916892952,0.5608182273840572
Aug,2026-08-08,Toronto Blue Jays,Philadelphia Phillies,0,0.62,0.6277096361176908,0.6116059235302467
Aug,2026-08-08,New York Mets,Pittsburgh Pirates,1,0.53,0.624611439464245,0.6562664497860464
Aug,2026-08-08,Cincinnati Reds,Washington Nationals,1,0.43,0.44225259505064973,0.42587843875949494
Aug,2026-08-08,Chicago Cubs,Kansas City Royals,1,0.41,0.40214930533863924,0.44038700664352914
Aug,2026-08-08,Minnesota Twins,Milwaukee Brewers,1,0.57,0.6896500967250485,0.6837536854909846
Aug,2026-08-08,Houston Astros,San Diego Padres,1,0.52,0.5337968214972899,0.577931309758497
Aug,2026-08-08,Detroit Tigers,San Francisco Giants,0,0.47,0.49308950438319477,0.5549091793021727
Aug,2026-08-08,Colorado Rockies,St. Louis Cardinals,0,0.59,0.6510651445981148,0.6736957180736209
Aug,2026-08-08,Baltimore Orioles,Texas Rangers,1,0.58,0.5194400303838774,0.5453478438673074
Aug,2026-08-08,Cleveland Guardians,Chicago White Sox,1,0.44,0.5647196098294428,0.5271438213010611
Aug,2026-08-09,Cincinnati Reds,Washington Nationals,1,0.5,0.5677052488660318,0.5124950509273161
Aug,2026-08-09,New York Mets,Pittsburgh Pirates,0,0.57,0.5420638543962905,0.45258348744441645
Aug,2026-08-09,Toronto Blue Jays,Philadelphia Phillies,1,0.68,0.7502475805743944,0.7346982069587298
Aug,2026-08-09,Atlanta Braves,New York Yankees,0,0.57,0.6400794477822215,0.6365178970107902
Aug,2026-08-09,Los Angeles Angels,Miami Marlins,1,0.57,0.692486422751116,0.6335928787798943
Aug,2026-08-09,Chicago Cubs,Kansas City Royals,0,0.39,0.46489027425634016,0.48409281636863816
Aug,2026-08-09,Cleveland Guardians,Chicago White Sox,1,0.45,0.5992445277075461,0.5325611521768774
Aug,2026-08-09,Minnesota Twins,Milwaukee Brewers,1,0.71,0.7132117934752502,0.6785296474530218
Aug,2026-08-09,Colorado Rockies,St. Louis Cardinals,1,0.61,0.6049344938608969,0.5889258451342675
Aug,2026-08-09,Baltimore Orioles,Texas Rangers,0,0.54,0.6184891882745742,0.6232316136890298
Aug,2026-08-09,Detroit Tigers,San Francisco Giants,0,0.45,0.46473528848587453,0.43310443636345936
Aug,2026-08-09,Tampa Bay Rays,Seattle Mariners,0,0.5,0.4355773188046299,0.41846767522143846
Aug,2026-08-10,Boston Red Sox,Toronto Blue Jays,1,0.4,0.4387123150382297,0.5407054071108481
Aug,2026-08-10,New York Mets,Atlanta Braves,0,0.57,0.5940138315268083,0.5153416110644525
Aug,2026-08-10,Baltimore Orioles,Minnesota Twins,1,0.49,0.436099746255335,0.4430381737788653
Aug,2026-08-10,Philadelphia Phillies,St. Louis Cardinals,0,0.47,0.5495205418367313,0.5779891299065618
Aug,2026-08-11,Texas Rangers,Los Angeles Angels,0,0.4,0.5491200272390065,0.5109281136470663
Aug,2026-08-11,Milwaukee Brewers,San Diego Padres,1,0.42,0.4644637244554709,0.4131556049789006
Aug,2026-08-11,Houston Astros,San Francisco Giants,0,0.36,0.5424022161811918,0.4343223867356877
Aug,2026-08-11,Kansas City Royals,Los Angeles Dodgers,1,0.71,0.7115154959582088,0.6886219612142873
Aug,2026-08-11,Cleveland Guardians,Detroit Tigers,1,0.55,0.5725135200905991,0.5365758509717358
Aug,2026-08-11,Pittsburgh Pirates,Miami Marlins,1,0.48,0.5446555913436191,0.5069129777900607
Aug,2026-08-11,Chicago Cubs,Washington Nationals,0,0.37,0.47452935459916257,0.37310202302804507
Aug,2026-08-11,Seattle Mariners,New York Yankees,1,0.55,0.6147781515932155,0.5362232930184746
Aug,2026-08-11,Boston Red Sox,Toronto Blue Jays,1,0.55,0.5126277877434396,0.5670484576209002
Aug,2026-08-11,New York Mets,Atlanta Braves,1,0.54,0.6013481791756728,0.5145645284619595
Aug,2026-08-11,Baltimore Orioles,Minnesota Twins,0,0.51,0.5355748478265163,0.5549530158042855
Aug,2026-08-11,Cincinnati Reds,Chicago White Sox,0,0.59,0.6837183036076119,0.5994450470846409
Aug,2026-08-11,Philadelphia Phillies,St. Louis Cardinals,1,0.39,0.5128741461777613,0.4242649101795632
Aug,2026-08-12,Texas Rangers,Los Angeles Angels,1,0.43,0.5273694731935616,0.36017225094470523
Aug,2026-08-12,Kansas City Royals,Los Angeles Dodgers,1,0.66,0.6951814606262317,0.7060247127633384
Aug,2026-08-12,Baltimore Orioles,Minnesota Twins,1,0.5,0.5193427200619113,0.4733053617006144
Aug,2026-08-12,Philadelphia Phillies,St. Louis Cardinals,1,0.39,0.4117014954356631,0.3708770012433053
Aug,2026-08-12,Houston Astros,San Francisco Giants,0,0.42,0.4136571720186114,0.4083793437695695
Aug,2026-08-12,Milwaukee Brewers,San Diego Padres,1,0.47,0.5141250399575986,0.6171737680695576
Aug,2026-08-12,Cleveland Guardians,Detroit Tigers,0,0.54,0.5232928102100508,0.521171525092932
Aug,2026-08-12,Pittsburgh Pirates,Miami Marlins,1,0.51,0.5073485952591282,0.5073656044782212
Aug,2026-08-12,Chicago Cubs,Washington Nationals,0,0.39,0.3975509074006522,0.3586948736274513
Aug,2026-08-12,Seattle Mariners,New York Yankees,1,0.55,0.4961370312538114,0.4422948983523305
Aug,2026-08-12,Boston Red Sox,Toronto Blue Jays,1,0.45,0.4069121019925139,0.4367413936216691
Aug,2026-08-12,New York Mets,Atlanta Braves,1,0.62,0.5224827753945978,0.49349142230902593
Aug,2026-08-12,Cincinnati Reds,Chicago White Sox,1,0.57,0.6207625292929032,0.584611051546842
Aug,2026-08-13,Texas Rangers,Los Angeles Angels,1,0.4,0.5584077821814243,0.5075611521057777
Aug,2026-08-13,Cleveland Guardians,Detroit Tigers,1,0.48,0.5237771990343314,0.45071689054650477
Aug,2026-08-13,Cincinnati Reds,Chicago White Sox,0,0.55,0.6180230148053097,0.5530492435871126
Aug,2026-08-13,Pittsburgh Pirates,Miami Marlins,0,0.46,0.5061321200937708,0.4883210920228736
Aug,2026-08-13,Seattle Mariners,New York Yankees,0,0.59,0.7020598654765589,0.6380437967074897
Aug,2026-08-13,Boston Red Sox,Toronto Blue Jays,0,0.42,0.3291356030577223,0.3690865657721033
Aug,2026-08-13,Chicago Cubs,Washington Nationals,1,0.42,0.4562020159604988,0.39651806648685584
Aug,2026-08-13,Philadelphia Phillies,Minnesota Twins,0,0.5,0.6347634325206426,0.5905305338605873
Aug,2026-08-14,Milwaukee Brewers,Los Angeles Dodgers,0,0.61,0.4340144578939682,0.38767790025309506
Aug,2026-08-14,St. Louis Cardinals,Chicago Cubs,1,0.64,0.7676299346661598,0.7351127966591752
Aug,2026-08-14,Miami Marlins,Cincinnati Reds,1,0.51,0.5078941669710271,0.5514857440007221
Aug,2026-08-14,Boston Red Sox,Pittsburgh Pirates,1,0.47,0.3705871822545102,0.3353050850017052
Aug,2026-08-14,Chicago White Sox,Detroit Tigers,0,0.55,0.5208430243064822,0.5039599984737274
Aug,2026-08-14,Washington Nationals,New York Mets,1,0.52,0.617704004159199,0.5833199189222228
Aug,2026-08-14,San Diego Padres,Cleveland Guardians,0,0.52,0.4966072287918426,0.48815858318774547
Aug,2026-08-14,Baltimore Orioles,Tampa Bay Rays,0,0.6,0.6446803690035751,0.6485531619275862
Aug,2026-08-14,New York Yankees,Toronto Blue Jays,1,0.42,0.48612207861002954,0.4845626496563173
Aug,2026-08-15,Kansas City Royals,Los Angeles Angels,0,0.57,0.47781138751970603,0.47095325140528693
Aug,2026-08-15,Chicago White Sox,Detroit Tigers,0,0.56,0.5847344800601721,0.6267791162797738
Aug,2026-08-15,St. Louis Cardinals,Chicago Cubs,0,0.63,0.5847820205603635,0.6096324070200074
Aug,2026-08-15,New York Yankees,Toronto Blue Jays,1,0.36,0.4462720068810699,0.49040202579436415
Aug,2026-08-15,Colorado Rockies,San Francisco Giants,1,0.6,0.6726234078843274,0.6692402367096146
Aug,2026-08-15,Washington Nationals,New York Mets,1,0.55,0.49132652680483835,0.6037180952868271
Aug,2026-08-15,Baltimore Orioles,Tampa Bay Rays,0,0.58,0.6237563541369162,0.615371754306247
Aug,2026-08-15,Miami Marlins,Cincinnati Reds,0,0.5,0.4117959282930531,0.5291763312930865
Aug,2026-08-15,San Diego Padres,Cleveland Guardians,1,0.51,0.5201952143237009,0.530443886234294
Aug,2026-08-15,Seattle Mariners,Houston Astros,0,0.53,0.48636592466981854,0.5171940858628628
Aug,2026-08-15,Philadelphia Phillies,Minnesota Twins,0,0.45,0.4763543770375397,0.43459595524571604
Aug,2026-08-15,Boston Red Sox,Pittsburgh Pirates,0,0.46,0.5358986455513183,0.5328748092417451
Aug,2026-08-15,Milwaukee Brewers,Los Angeles Dodgers,0,0.46,0.5224216012062561,0.5217126214518176
Aug,2026-08-16,Baltimore Orioles,Tampa Bay Rays,0,0.57,0.4651930268508194,0.479326150601878
Aug,2026-08-16,Boston Red Sox,Pittsburgh Pirates,1,0.47,0.46719929103079066,0.4978380965963445
Aug,2026-08-16,New York Yankees,Toronto Blue Jays,0,0.53,0.5249624904472262,0.5026114241576126
Aug,2026-08-16,Washington Nationals,New York Mets,1,0.6,0.5818657395352764,0.6880591097965855
Aug,2026-08-16,San Diego Padres,Cleveland Guardians,0,0.48,0.5189548787300424,0.5458111402686132
Aug,2026-08-16,Chicago White Sox,Detroit Tigers,0,0.51,0.5049937970658096,0.555765840153489
Aug,2026-08-16,Miami Marlins,Cincinnati Reds,0,0.46,0.4647015659418716,0.5353103715289196
Aug,2026-08-16,Philadelphia Phillies,Minnesota Twins,0,0.49,0.5404165367151341,0.6302782312583083
Aug,2026-08-16,St. Louis Cardinals,Chicago Cubs,0,0.62,0.5767178881939753,0.5953327975425347
Aug,2026-08-16,Colorado Rockies,San Francisco Giants,0,0.54,0.5439292170599348,0.5071873505722166
Aug,2026-08-16,Kansas City Royals,Los Angeles Angels,0,0.48,0.512877505378845,0.3888099420471082
Aug,2026-08-16,Milwaukee Brewers,Los Angeles Dodgers,0,0.63,0.6203410123111329,0.6517948628850048
Aug,2026-08-16,Seattle Mariners,Houston Astros,0,0.53,0.5401027799412008,0.5023162762148677
Aug,2026-08-17,St. Louis Cardinals,Cincinnati Reds,1,0.47,0.4509380656352883,0.4848036254732636
Aug,2026-08-17,Baltimore Orioles,Tampa Bay Rays,1,0.6,0.6578661653757231,0.7055209966666339
Aug,2026-08-17,Miami Marlins,Philadelphia Phillies,1,0.69,0.651339684609598,0.736004815012957
Aug,2026-08-17,Detroit Tigers,Pittsburgh Pirates,0,0.5,0.4429952343645173,0.3938445981060317
Aug,2026-08-17,San Diego Padres,New York Mets,1,0.53,0.5621716950389509,0.6509201273539064
Aug,2026-08-17,Atlanta Braves,Minnesota Twins,1,0.44,0.4145179670740692,0.4464777035876556
Aug,2026-08-18,Chicago White Sox,Chicago Cubs,1,0.61,0.5981784875675332,0.6230129605133687
Aug,2026-08-18,Los Angeles Dodgers,Colorado Rockies,0,0.38,0.2811006905649636,0.19894448022624905
Aug,2026-08-18,New York Yankees,Baltimore Orioles,0,0.48,0.5045977423279544,0.47201372325632157
Aug,2026-08-18,Detroit Tigers,Pittsburgh Pirates,1,0.58,0.521335235826941,0.5599739413830196
Aug,2026-08-18,San Francisco Giants,Cleveland Guardians,1,0.64,0.6369475692908609,0.7386187187227405
Aug,2026-08-18,St. Louis Cardinals,Cincinnati Reds,0,0.47,0.505125589344834,0.4919629744109487
Aug,2026-08-18,Toronto Blue Jays,Tampa Bay Rays,0,0.55,0.5903905041452233,0.5749608719879234
Aug,2026-08-18,Miami Marlins,Philadelphia Phillies,1,0.66,0.5825574598058143,0.6319755892249304
Aug,2026-08-18,San Diego Padres,New York Mets,0,0.47,0.571730509681521,0.5863338819700428
Aug,2026-08-18,Atlanta Braves,Minnesota Twins,1,0.42,0.5129804881366676,0.43495060686286335
Aug,2026-08-18,Seattle Mariners,Milwaukee Brewers,1,0.61,0.6797302315922559,0.6149981202112716
Aug,2026-08-19,Washington Nationals,Texas Rangers,1,0.57,0.6764157869050441,0.6253289937728941
Aug,2026-08-19,Los Angeles Angels,Houston Astros,0,0.59,0.6060723728418993,0.7274563069926181
Aug,2026-08-19,Los Angeles Dodgers,Colorado Rockies,0,0.37,0.3276025530149381,0.29734918300724933
Aug,2026-08-19,Detroit Tigers,Pittsburgh Pirates,1,0.59,0.5597097502513722,0.6390002885892425
Aug,2026-08-19,San Diego Padres,New York Mets,1,0.43,0.4881615120718971,0.40205968399311987
Aug,2026-08-19,Atlanta Braves,Minnesota Twins,1,0.48,0.5082015233256479,0.5241836026046736
Aug,2026-08-19,Chicago White Sox,Chicago Cubs,0,0.57,0.6467961006376743,0.6796584129263498
Aug,2026-08-19,Miami Marlins,Philadelphia Phillies,1,0.56,0.4434299768338613,0.5222613053121472
Aug,2026-08-19,New York Yankees,Baltimore Orioles,0,0.48,0.4998375077128936,0.5173414787347161
Aug,2026-08-19,San Francisco Giants,Cleveland Guardians,0,0.67,0.6536100804518727,0.6456788300993185
Aug,2026-08-19,St. Louis Cardinals,Cincinnati Reds,1,0.56,0.7167969986094394,0.6985292493191662
Aug,2026-08-19,Toronto Blue Jays,Tampa Bay Rays,1,0.64,0.7425143095967104,0.7385957029412723
Aug,2026-08-19,Seattle Mariners,Milwaukee Brewers,0,0.53,0.5731357473568864,0.4538533613165668
Aug,2026-08-20,Washington Nationals,Texas Rangers,0,0.59,0.5571753066966243,0.5775903199411208
Aug,2026-08-20,Los Angeles Angels,Houston Astros,1,0.62,0.5616143522175377,0.5684095202548024
Aug,2026-08-20,St. Louis Cardinals,Cincinnati Reds,0,0.49,0.46620967023956683,0.48514435231694075
Aug,2026-08-20,San Francisco Giants,Cleveland Guardians,1,0.65,0.5324283701704314,0.5474423003982573
Aug,2026-08-20,Toronto Blue Jays,Tampa Bay Rays,0,0.6,0.7325272979607509,0.7323352661439881
Aug,2026-08-20,Atlanta Braves,Chicago White Sox,0,0.49,0.5611285808938443,0.5237351871996168
Aug,2026-08-20,Seattle Mariners,Milwaukee Brewers,1,0.56,0.6856306933640026,0.6357154400336275
Aug,2026-08-20,New York Yankees,Baltimore Orioles,0,0.49,0.5129107899993316,0.5227328507858279
Aug,2026-08-21,Atlanta Braves,Milwaukee Brewers,1,0.56,0.5822487534501127,0.5464743801978357
Aug,2026-08-21,St. Louis Cardinals,Philadelphia Phillies,1,0.71,0.6273825898779721,0.6706030420731659
Aug,2026-08-21,Toronto Blue Jays,New York Yankees,1,0.65,0.6636659169254346,0.6285422674559846
Aug,2026-08-21,San Francisco Giants,Boston Red Sox,1,0.62,0.5762999983930139,0.5439753844793714
Aug,2026-08-21,Washington Nationals,Miami Marlins,1,0.59,0.6276731002494328,0.6063347388648651
Aug,2026-08-21,Tampa Bay Rays,Baltimore Orioles,1,0.52,0.6216733633563818,0.6267810349117534
Aug,2026-08-21,New York Mets,Chicago White Sox,1,0.54,0.6546224876930874,0.5542813259051662
Aug,2026-08-22,Cleveland Guardians,Colorado Rockies,0,0.43,0.4320041832707977,0.2867781099106311
Aug,2026-08-22,Minnesota Twins,San Diego Padres,1,0.59,0.4189268613272884,0.4466461482914558
Aug,2026-08-22,Toronto Blue Jays,New York Yankees,0,0.49,0.5563147705785076,0.5527429899494326
Aug,2026-08-22,Atlanta Braves,Milwaukee Brewers,1,0.6,0.5373395314704341,0.5942445079878572
Aug,2026-08-22,Washington Nationals,Miami Marlins,1,0.64,0.7099692728565336,0.7328817088530917
Aug,2026-08-22,St. Louis Cardinals,Philadelphia Phillies,1,0.59,0.50113678597686,0.47923995404142317
Aug,2026-08-22,Tampa Bay Rays,Baltimore Orioles,1,0.44,0.44460556212824415,0.3878778318602677
Aug,2026-08-22,Los Angeles Angels,Texas Rangers,0,0.61,0.5877898216778307,0.7329975632029676
Aug,2026-08-22,New York Mets,Chicago White Sox,0,0.5,0.5566664973188487,0.5238928886657572
Aug,2026-08-22,Detroit Tigers,Kansas City Royals,1,0.5,0.4799938275832641,0.5204543375421845
Aug,2026-08-22,Pittsburgh Pirates,Los Angeles Dodgers,1,0.71,0.7012983118845955,0.7667274562547203
Aug,2026-08-22,Chicago Cubs,Seattle Mariners,1,0.53,0.40983773234412924,0.4294210907559655
Aug,2026-08-22,San Francisco Giants,Boston Red Sox,1,0.66,0.6530901857741049,0.681157214369043
Aug,2026-08-23,Tampa Bay Rays,Baltimore Orioles,0,0.5,0.4697916663098178,0.4509016946732279
Aug,2026-08-23,St. Louis Cardinals,Philadelphia Phillies,1,0.66,0.6226381229179654,0.6217384512913533
Aug,2026-08-23,Toronto Blue Jays,New York Yankees,1,0.55,0.634362470306413,0.6253180858463568
Aug,2026-08-23,Washington Nationals,Miami Marlins,1,0.59,0.6431038630951638,0.6245560527474999
Aug,2026-08-23,Detroit Tigers,Kansas City Royals,1,0.48,0.5190727128071752,0.5442763727637606
Aug,2026-08-23,New York Mets,Chicago White Sox,1,0.5,0.6178420093582888,0.5397930630353936
Aug,2026-08-23,Los Angeles Angels,Texas Rangers,1,0.59,0.6241678051319491,0.5664130851533973
Aug,2026-08-23,Cleveland Guardians,Colorado Rockies,0,0.39,0.3551344893260464,0.31141322782015735
Aug,2026-08-23,San Francisco Giants,Boston Red Sox,1,0.65,0.8114741738242963,0.8134300537982813
Aug,2026-08-23,Pittsburgh Pirates,Los Angeles Dodgers,1,0.72,0.6770319454596808,0.742328294893179
Aug,2026-08-23,Chicago Cubs,Seattle Mariners,0,0.47,0.43502850420585715,0.4558009184725806
Aug,2026-08-23,Minnesota Twins,San Diego Padres,1,0.57,0.5614996133999514,0.5174875234801906
Aug,2026-08-23,Atlanta Braves,Milwaukee Brewers,0,0.51,0.669584143753994,0.6399348926010481
Aug,2026-08-24,Tampa Bay Rays,Detroit Tigers,0,0.44,0.5174157553973436,0.5490846888323908
Aug,2026-08-24,Boston Red Sox,Miami Marlins,0,0.46,0.4556244631916642,0.4576252296143718
Aug,2026-08-24,Colorado Rockies,Washington Nationals,1,0.65,0.5505110809717241,0.5136541795095175
Aug,2026-08-24,Texas Rangers,Chicago White Sox,0,0.55,0.6218274452118848,0.4794536265866983
Aug,2026-08-25,Cleveland Guardians,Los Angeles Angels,0,0.44,0.4621554779785769,0.31829823240563176
Aug,2026-08-25,Pittsburgh Pirates,San Diego Padres,0,0.51,0.5896429943869206,0.6295481583052673
Aug,2026-08-25,Philadelphia Phillies,Seattle Mariners,1,0.52,0.5117232808731791,0.5285085431687859
Aug,2026-08-25,Cincinnati Reds,San Francisco Giants,1,0.5,0.4303032494956271,0.35061433371205447
Aug,2026-08-25,Tampa Bay Rays,Detroit Tigers,1,0.46,0.5857591114651277,0.5597023589755856
Aug,2026-08-25,Boston Red Sox,Miami Marlins,0,0.41,0.45583627899146134,0.47167780917656826
Aug,2026-08-25,Colorado Rockies,Washington Nationals,0,0.59,0.5992526031855663,0.6162371923469423
Aug,2026-08-25,Houston Astros,New York Yankees,0,0.57,0.5537248061332216,0.49220685163933153
Aug,2026-08-25,Kansas City Royals,Toronto Blue Jays,0,0.54,0.5894077628947754,0.5121035455403642
Aug,2026-08-25,Milwaukee Brewers,New York Mets,1,0.39,0.49290029834410093,0.5920951990981638
Aug,2026-08-25,Los Angeles Dodgers,Atlanta Braves,1,0.41,0.4980930995112353,0.39691149943226184
Aug,2026-08-25,Texas Rangers,Chicago White Sox,1,0.49,0.5222235781291812,0.44632050019407643
Aug,2026-08-25,Baltimore Orioles,St. Louis Cardinals,0,0.54,0.5158283269924818,0.5623121481600737
Aug,2026-08-26,Tampa Bay Rays,Detroit Tigers,0,0.52,0.6141690562912783,0.6024395781347497
Aug,2026-08-26,Cincinnati Reds,San Francisco Giants,0,0.52,0.550940026364738,0.5053487118218226
Aug,2026-08-26,Cleveland Guardians,Los Angeles Angels,0,0.43,0.41773132054053824,0.4005136163387312
Aug,2026-08-26,Pittsburgh Pirates,San Diego Padres,1,0.56,0.42802547595945073,0.46465714450539186
Aug,2026-08-26,Philadelphia Phillies,Seattle Mariners,0,0.44,0.396369581171462,0.4490680927927866
Aug,2026-08-26,Boston Red Sox,Miami Marlins,1,0.45,0.5343439621091083,0.5056584148674665
Aug,2026-08-26,Colorado Rockies,Washington Nationals,0,0.55,0.4729907326304145,0.5238159436276424
Aug,2026-08-26,Houston Astros,New York Yankees,1,0.52,0.48180768329492596,0.49090973358964995
Aug,2026-08-26,Kansas City Royals,Toronto Blue Jays,1,0.59,0.6514582461007354,0.658960222528838
Aug,2026-08-26,Milwaukee Brewers,New York Mets,0,0.41,0.46507666297589284,0.4385743868327733
Aug,2026-08-26,Los Angeles Dodgers,Atlanta Braves,1,0.46,0.5927136152616873,0.5907399991528042
Aug,2026-08-26,Texas Rangers,Chicago White Sox,1,0.53,0.6336490979236272,0.5969915805592318
Aug,2026-08-26,Baltimore Orioles,St. Louis Cardinals,0,0.49,0.5351002399751201,0.5217350514617036
Aug,2026-08-27,Colorado Rockies,Washington Nationals,1,0.56,0.4615846039374865,0.394087381627597
Aug,2026-08-27,Baltimore Orioles,St. Louis Cardinals,1,0.46,0.5492095061558045,0.5467798284172662
Aug,2026-08-27,Houston Astros,New York Yankees,0,0.59,0.5885875278853664,0.5618555137847974
Aug,2026-08-27,Kansas City Royals,Toronto Blue Jays,0,0.49,0.5158129103410415,0.4530957119841774
Aug,2026-08-27,Milwaukee Brewers,New York Mets,0,0.35,0.38606440249101676,0.4458917261088191
Aug,2026-08-27,Los Angeles Dodgers,Atlanta Braves,1,0.52,0.5291076702525317,0.5301744312442174
